run_id;run_timestamp;model_version;tournament;year;surface;strategy;budget;team_size;player;team_slot;draw_slot;credits;expected_points;value_index;model_rank;seed;entry;anchor_forced;backup_player;backup_expected_points;backup_delta_points;draw_source_type;players_found;matched;match_rate;q_count;wc_count;ll_count;selected_surface_elo;overall_elo;peak_elo;atp_rank;recent_form;surface_form_60d;same_surface_ratio_60d;fatigue_load;minutes_30d;matches_in_db;qualifier_momentum_raw;local_home_raw;service_dominance;return_dominance;actual_points;actual_wins;actual_matches_played;actual_best_round;prediction_error;efficiency_ratio;player_norm
2026_Roma_20260625_110538;25/06/2026 11:05;V16.4;Roma;2026;clay;1. Optimized Team;80,0;8;JANNIK SINNER;1;1;33,2;89,58;2,69819;1,0;1.0;;True;ALEXANDER ZVEREV;75,22;-14,36;ProTennisLive PDF;92;90;97,826;10;4;2;2215,7;2319,8;2339,8;1,0;0,916666667;0,923076923;1,0;-0,133260919;342,0;269,0;0,0;1,0;0,045369173;0,104500356;150,0;6,0;6,0;F, QF, R16, R32, R64, SF;60,42;1,674;jannik sinner
2026_Roma_20260625_110538;25/06/2026 11:05;V16.4;Roma;2026;clay;1. Optimized Team;80,0;8;FLAVIO COBOLLI;2;49;11,7;56,51;4,82991;8,0;10.0;;False;ARTHUR FILS;47,52;-8,99;ProTennisLive PDF;92;90;97,826;10;4;2;1862,4;1896,3;1914,6;10,0;0,583333333;0,714285714;0,933333333;0,634351703;1136,0;263,0;0,0;1,0;-0,019703565;0,021532686;25,0;1,0;2,0;R64;-31,51;0,442;flavio cobolli
2026_Roma_20260625_110538;25/06/2026 11:05;V16.4;Roma;2026;clay;1. Optimized Team;80,0;8;LEARNER TIEN;3;105;8,1;47,26;5,83457;11,0;19.0;;False;LUCIANO DARDERI;33,64;-13,62;ProTennisLive PDF;92;90;97,826;10;4;2;1821,4;1941,1;1977,4;18,0;0,75;0,727272727;0,846153846;0,804712326;680,0;159,0;0,0;0,0;-0,059892138;0,041461087;50,0;2,0;3,0;R32, R64;2,74;1,058;learner tien
2026_Roma_20260625_110538;25/06/2026 11:05;V16.4;Roma;2026;clay;1. Optimized Team;80,0;8;RAFAEL JODAR;4;104;6,5;47,07;7,24154;12,0;32.0;;False;ALEXANDER BLOCKX;31,45;-15,62;ProTennisLive PDF;92;90;97,826;10;4;2;1948,9;1998,6;2014,0;26,0;0,75;0,75;1,0;0,226508351;927,0;94,0;0,0;0,0;-0,019811756;0,088089647;75,0;3,0;4,0;R16, R32, R64;27,93;1,593;rafael jodar
2026_Roma_20260625_110538;25/06/2026 11:05;V16.4;Roma;2026;clay;1. Optimized Team;80,0;8;HAMAD MEDJEDOVIC;5;37;5,1;36,71;7,19804;17,0;;;False;MIOMIR KECMANOVIC;30,36;-6,35;ProTennisLive PDF;92;90;97,826;10;4;2;1816,3;1840,5;1859,9;64,0;0,666666667;0,666666667;0,75;0,432290376;366,0;195,0;0,0;0,0;-0,003973185;0,037209156;75,0;3,0;4,0;R128, R32, R64;38,29;2,043;hamad medjedovic
2026_Roma_20260625_110538;25/06/2026 11:05;V16.4;Roma;2026;clay;1. Optimized Team;80,0;8;MARIN CILIC;6;46;4,0;35,55;8,8875;18,0;;;False;CAMILO UGO CARABELLI;28,59;-6,96;ProTennisLive PDF;92;90;97,826;10;4;2;1701,2;1800,4;2100,4;60,0;0,416666667;0,333333333;0,428571429;0,537041678;652,0;95,0;0,0;0,0;-0,011999066;0,003841062;25,0;1,0;2,0;R128;-10,55;0,703;marin cilic
2026_Roma_20260625_110538;25/06/2026 11:05;V16.4;Roma;2026;clay;1. Optimized Team;80,0;8;IGNACIO BUSE;7;12;4,8;33,43;6,96458;20,0;;;False;DINO PRIZMIC;29,41;-4,02;ProTennisLive PDF;92;90;97,826;10;4;2;1788,3;1826,1;1844,9;34,0;0,75;0,769230769;0,764705882;1,492634984;637,0;148,0;0,0;0,0;-0,037362369;0,069457461;25,0;1,0;2,0;R128;-8,43;0,748;ignacio buse
2026_Roma_20260625_110538;25/06/2026 11:05;V16.4;Roma;2026;clay;1. Optimized Team;80,0;8;JUAN MANUEL CERUNDOLO;8;22;4,8;32,89;6,85208;21,0;;;False;THIAGO AGUSTIN TIRANTE;29,66;-3,23;ProTennisLive PDF;92;90;97,826;10;4;2;1755,7;1778,7;1788,7;45,0;0,833333333;0,692307692;0,866666667;1,195762955;1121,0;249,0;0,15;0,0;-0,039149171;0,057502896;0,0;0,0;1,0;;-32,89;0,0;juan manuel cerundolo
2026_Roma_20260625_110538;25/06/2026 11:05;V16.4;Roma;2026;clay;2. Aggressive Alternative;80,0;8;JANNIK SINNER;1;1;33,2;89,58;2,69819;1,0;1.0;;True;ALEXANDER ZVEREV;75,22;-14,36;ProTennisLive PDF;92;90;97,826;10;4;2;2215,7;2319,8;2339,8;1,0;0,916666667;0,923076923;1,0;-0,133260919;342,0;269,0;0,0;1,0;0,045369173;0,104500356;150,0;6,0;6,0;F, QF, R16, R32, R64, SF;60,42;1,674;jannik sinner
2026_Roma_20260625_110538;25/06/2026 11:05;V16.4;Roma;2026;clay;2. Aggressive Alternative;80,0;8;CASPER RUUD;2;73;17,8;67,22;3,7764;4,0;23.0;;False;DANIIL MEDVEDEV;61,98;-5,24;ProTennisLive PDF;92;90;97,826;10;4;2;1973,0;1983,1;2071,9;12,0;0,75;0,777777778;1,0;0,175382586;882,0;229,0;0,0;0,0;-0,014720116;0,06242239;125,0;5,0;6,0;QF, R16, R32, R64, SF;57,78;1,86;casper ruud
2026_Roma_20260625_110538;25/06/2026 11:05;V16.4;Roma;2026;clay;2. Aggressive Alternative;80,0;8;FLAVIO COBOLLI;3;49;11,7;56,51;4,82991;8,0;10.0;;False;LEARNER TIEN;47,26;-9,25;ProTennisLive PDF;92;90;97,826;10;4;2;1862,4;1896,3;1914,6;10,0;0,583333333;0,714285714;0,933333333;0,634351703;1136,0;263,0;0,0;1,0;-0,019703565;0,021532686;25,0;1,0;2,0;R64;-31,51;0,442;flavio cobolli
2026_Roma_20260625_110538;25/06/2026 11:05;V16.4;Roma;2026;clay;2. Aggressive Alternative;80,0;8;RAFAEL JODAR;4;104;6,5;47,07;7,24154;12,0;32.0;;False;MARIN CILIC;35,55;-11,52;ProTennisLive PDF;92;90;97,826;10;4;2;1948,9;1998,6;2014,0;26,0;0,75;0,75;1,0;0,226508351;927,0;94,0;0,0;0,0;-0,019811756;0,088089647;75,0;3,0;4,0;R16, R32, R64;27,93;1,593;rafael jodar
2026_Roma_20260625_110538;25/06/2026 11:05;V16.4;Roma;2026;clay;2. Aggressive Alternative;80,0;8;HAMAD MEDJEDOVIC;5;37;5,1;36,71;7,19804;17,0;;;False;IGNACIO BUSE;33,43;-3,28;ProTennisLive PDF;92;90;97,826;10;4;2;1816,3;1840,5;1859,9;64,0;0,666666667;0,666666667;0,75;0,432290376;366,0;195,0;0,0;0,0;-0,003973185;0,037209156;75,0;3,0;4,0;R128, R32, R64;38,29;2,043;hamad medjedovic
2026_Roma_20260625_110538;25/06/2026 11:05;V16.4;Roma;2026;clay;2. Aggressive Alternative;80,0;8;DINO PRIZMIC;6;94;3,1;29,41;9,4871;30,0;;Q;False;GIOVANNI MPETSHI PERRICARD;20,17;-9,24;ProTennisLive PDF;92;90;97,826;10;4;2;1802,8;1840,7;1886,5;81,0;0,666666667;0,666666667;0,9;0,08237787;351,0;171,0;0,2;0,0;-0,01792581;0,069463049;75,0;3,0;4,0;R128, R32, R64;45,59;2,55;dino prizmic
2026_Roma_20260625_110538;25/06/2026 11:05;V16.4;Roma;2026;clay;2. Aggressive Alternative;80,0;8;PABLO LLAMAS RUIZ;7;60;1,0;24,69;24,69;40,0;;Q;False;FRANCESCO MAESTRELLI;10,01;-14,68;ProTennisLive PDF;92;90;97,826;10;4;2;1709,6;1733,6;1763,0;119,0;0,75;0,75;1,0;-0,071892452;337,0;144,0;0,35;0,0;-0,07337713;0,073558885;50,0;2,0;3,0;R128, R64;25,31;2,025;pablo llamas ruiz
2026_Roma_20260625_110538;25/06/2026 11:05;V16.4;Roma;2026;clay;2. Aggressive Alternative;80,0;8;ROMAN ANDRES BURRUCHAGA;8;43;1,5;23,86;15,90667;43,0;;;False;DANIEL MERIDA AGUILAR;17,04;-6,82;ProTennisLive PDF;92;90;97,826;10;4;2;1700,5;1724,2;1764,5;66,0;0,416666667;0,444444444;0,9;0,575007774;510,0;239,0;-0,15;0,0;-0,080739798;0,089434752;0,0;0,0;1,0;;-23,86;0,0;roman andres burruchaga
2026_Roma_20260625_110538;25/06/2026 11:05;V16.4;Roma;2026;clay;3. Conservative Alternative;80,0;8;JANNIK SINNER;1;1;33,2;89,58;2,69819;1,0;1.0;;True;ALEXANDER ZVEREV;75,22;-14,36;ProTennisLive PDF;92;90;97,826;10;4;2;2215,7;2319,8;2339,8;1,0;0,916666667;0,923076923;1,0;-0,133260919;342,0;269,0;0,0;1,0;0,045369173;0,104500356;150,0;6,0;6,0;F, QF, R16, R32, R64, SF;60,42;1,674;jannik sinner
2026_Roma_20260625_110538;25/06/2026 11:05;V16.4;Roma;2026;clay;3. Conservative Alternative;80,0;8;FLAVIO COBOLLI;2;49;11,7;56,51;4,82991;8,0;10.0;;False;ARTHUR FILS;47,52;-8,99;ProTennisLive PDF;92;90;97,826;10;4;2;1862,4;1896,3;1914,6;10,0;0,583333333;0,714285714;0,933333333;0,634351703;1136,0;263,0;0,0;1,0;-0,019703565;0,021532686;25,0;1,0;2,0;R64;-31,51;0,442;flavio cobolli
2026_Roma_20260625_110538;25/06/2026 11:05;V16.4;Roma;2026;clay;3. Conservative Alternative;80,0;8;LEARNER TIEN;3;105;8,1;47,26;5,83457;11,0;19.0;;False;LUCIANO DARDERI;33,64;-13,62;ProTennisLive PDF;92;90;97,826;10;4;2;1821,4;1941,1;1977,4;18,0;0,75;0,727272727;0,846153846;0,804712326;680,0;159,0;0,0;0,0;-0,059892138;0,041461087;50,0;2,0;3,0;R32, R64;2,74;1,058;learner tien
2026_Roma_20260625_110538;25/06/2026 11:05;V16.4;Roma;2026;clay;3. Conservative Alternative;80,0;8;RAFAEL JODAR;4;104;6,5;47,07;7,24154;12,0;32.0;;False;IGNACIO BUSE;33,43;-13,64;ProTennisLive PDF;92;90;97,826;10;4;2;1948,9;1998,6;2014,0;26,0;0,75;0,75;1,0;0,226508351;927,0;94,0;0,0;0,0;-0,019811756;0,088089647;75,0;3,0;4,0;R16, R32, R64;27,93;1,593;rafael jodar
2026_Roma_20260625_110538;25/06/2026 11:05;V16.4;Roma;2026;clay;3. Conservative Alternative;80,0;8;HAMAD MEDJEDOVIC;5;37;5,1;36,71;7,19804;17,0;;;False;MIOMIR KECMANOVIC;30,36;-6,35;ProTennisLive PDF;92;90;97,826;10;4;2;1816,3;1840,5;1859,9;64,0;0,666666667;0,666666667;0,75;0,432290376;366,0;195,0;0,0;0,0;-0,003973185;0,037209156;75,0;3,0;4,0;R128, R32, R64;38,29;2,043;hamad medjedovic
2026_Roma_20260625_110538;25/06/2026 11:05;V16.4;Roma;2026;clay;3. Conservative Alternative;80,0;8;MARIN CILIC;6;46;4,0;35,55;8,8875;18,0;;;False;CAMILO UGO CARABELLI;28,59;-6,96;ProTennisLive PDF;92;90;97,826;10;4;2;1701,2;1800,4;2100,4;60,0;0,416666667;0,333333333;0,428571429;0,537041678;652,0;95,0;0,0;0,0;-0,011999066;0,003841062;25,0;1,0;2,0;R128;-10,55;0,703;marin cilic
2026_Roma_20260625_110538;25/06/2026 11:05;V16.4;Roma;2026;clay;3. Conservative Alternative;80,0;8;JUAN MANUEL CERUNDOLO;7;22;4,8;32,89;6,85208;21,0;;;False;THIAGO AGUSTIN TIRANTE;29,66;-3,23;ProTennisLive PDF;92;90;97,826;10;4;2;1755,7;1778,7;1788,7;45,0;0,833333333;0,692307692;0,866666667;1,195762955;1121,0;249,0;0,15;0,0;-0,039149171;0,057502896;0,0;0,0;1,0;;-32,89;0,0;juan manuel cerundolo
2026_Roma_20260625_110538;25/06/2026 11:05;V16.4;Roma;2026;clay;3. Conservative Alternative;80,0;8;TOMAS MARTIN ETCHEVERRY;8;41;6,2;32,02;5,16452;22,0;24.0;;False;ALEXANDER BLOCKX;31,45;-0,57;ProTennisLive PDF;92;90;97,826;10;4;2;1774,5;1826,7;1871,7;32,0;0,333333333;0,333333333;0,75;1,045142425;246,0;227,0;-0,15;0,0;-0,041063128;0,017911773;0,0;0,0;1,0;;-32,02;0,0;tomas martin etcheverry
2026_Roland_Garros_20260625_120010;2026-06-25 12:00:10;V16.4;Roland Garros;2026;clay;1. Optimized Team;80,0;8;JANNIK SINNER;1;1;33,2;121,97;3,6738;1,0;1.0;;True;ALEXANDER ZVEREV;103,04;-18,93;Embedded Slam CSV;128;127;99,219;16;8;3;2215,7;2319,8;2339,8;1,0;0,9166666666666666;0,9230769230769232;1,0;-0,1332609188299867;342,0;185,0;0,0;0,0;0,0453691726255568;0,1045003562533348;25,0;1,0;2,0;R128;-96,97;0,205;jannik sinner
2026_Roland_Garros_20260625_120010;2026-06-25 12:00:10;V16.4;Roland Garros;2026;clay;1. Optimized Team;80,0;8;RAFAEL JODAR;2;104;6,5;86,36;13,28615;3,0;27.0;;False;DINO PRIZMIC;41,46;-44,9;Embedded Slam CSV;128;127;99,219;16;8;3;1948,9;1998,6;2014,0;26,0;0,75;0,75;1,0;0,2265083508287459;927,0;94,0;0,0;0,0;-0,0198117556256125;0,0880896471998673;100,0;4,0;5,0;R128, R16, R32, R64;13,64;1,158;rafael jodar
2026_Roland_Garros_20260625_120010;2026-06-25 12:00:10;V16.4;Roland Garros;2026;clay;1. Optimized Team;80,0;8;FRANCES TIAFOE;3;24;9,1;63,53;6,98132;9,0;19.0;;False;BRANDON NAKASHIMA;46,13;-17,4;Embedded Slam CSV;128;127;99,219;16;8;3;1827,5;1918,1;1974,0;19,0;0,8333333333333334;0,625;0,5;2,3325578212012927;1814,0;150,0;0,1;0,0;-0,0066993719094766;0,0301116648285577;75,0;3,0;4,0;R128, R32, R64;11,47;1,181;frances tiafoe
2026_Roland_Garros_20260625_120010;2026-06-25 12:00:10;V16.4;Roland Garros;2026;clay;1. Optimized Team;80,0;8;VALENTIN VACHEROT;4;48;6,5;62,31;9,58615;12,0;16.0;;False;MARIANO NAVONE;35,55;-26,76;Embedded Slam CSV;128;127;99,219;16;8;3;1788,8;1902,6;1929,6;20,0;0,5833333333333334;0,5;1,0;-0,2240827130703458;170,0;131,0;0,0;0,0;0,0057553947207785;0,0311671641631093;25,0;1,0;2,0;R128;-37,31;0,401;valentin vacherot
2026_Roland_Garros_20260625_120010;2026-06-25 12:00:10;V16.4;Roland Garros;2026;clay;1. Optimized Team;80,0;8;LEARNER TIEN;5;56;8,1;59,7;7,37037;14,0;18.0;;False;UGO HUMBERT;45,68;-14,02;Embedded Slam CSV;128;127;99,219;16;8;3;1821,4;1941,1;1977,4;18,0;0,75;0,7272727272727273;0,8461538461538461;0,8047123260682063;680,0;152,0;0,0;0,0;-0,0598921384108948;0,0414610866014378;50,0;2,0;3,0;R128, R64;-9,7;0,838;learner tien
2026_Roland_Garros_20260625_120010;2026-06-25 12:00:10;V16.4;Roland Garros;2026;clay;1. Optimized Team;80,0;8;LUCIANO DARDERI;6;16;8,0;58,52;7,315;15,0;14.0;;False;MATTEO BERRETTINI;42,79;-15,73;Embedded Slam CSV;128;127;99,219;16;8;3;1837,9;1839,2;1858,1;16,0;0,6666666666666666;0,6666666666666666;0,9230769230769232;0,5218400728733269;509,0;174,0;0,15;0,0;-0,0479909365287827;0,0542982112895332;25,0;1,0;2,0;R128;-33,52;0,427;luciano darderi
2026_Roland_Garros_20260625_120010;2026-06-25 12:00:10;V16.4;Roland Garros;2026;clay;1. Optimized Team;80,0;8;ALEXANDER BLOCKX;7;67;4,7;48,84;10,39149;21,0;;;False;JESPER DE JONG;36,27;-12,57;Embedded Slam CSV;128;127;99,219;16;8;3;1867,9;1905,5;1907,2;37,0;0,6666666666666666;0,7;1,0;-0,3;0,0;164,0;0,0;0,0;0,0135621837571822;0,0198470309602795;25,0;1,0;2,0;R128;-23,84;0,512;alexander blockx
2026_Roland_Garros_20260625_120010;2026-06-25 12:00:10;V16.4;Roland Garros;2026;clay;1. Optimized Team;80,0;8;RAPHAEL COLLIGNON;8;29;2,3;44,78;19,46957;27,0;;;False;LUCA VAN ASSCHE;25,67;-19,11;Embedded Slam CSV;128;127;99,219;16;8;3;1823,9;1914,9;1924,1;43,0;0,6666666666666666;0,7;0,625;1,5347100690068358;1129,0;142,0;0,0499999999999999;0,0;0,00623897680825;0,0495072009430751;50,0;2,0;3,0;R128, R64;5,22;1,117;raphael collignon
2026_Roland_Garros_20260625_120010;2026-06-25 12:00:10;V16.4;Roland Garros;2026;clay;2. Aggressive Alternative;80,0;8;JANNIK SINNER;1;1;33,2;121,97;3,6738;1,0;1.0;;True;ALEXANDER ZVEREV;103,04;-18,93;Embedded Slam CSV;128;127;99,219;16;8;3;2215,7;2319,8;2339,8;1,0;0,9166666666666666;0,9230769230769232;1,0;-0,1332609188299867;342,0;185,0;0,0;0,0;0,0453691726255568;0,1045003562533348;25,0;1,0;2,0;R128;-96,97;0,205;jannik sinner
2026_Roland_Garros_20260625_120010;2026-06-25 12:00:10;V16.4;Roland Garros;2026;clay;2. Aggressive Alternative;80,0;8;RAFAEL JODAR;2;104;6,5;86,36;13,28615;3,0;27.0;;False;UGO HUMBERT;45,68;-40,68;Embedded Slam CSV;128;127;99,219;16;8;3;1948,9;1998,6;2014,0;26,0;0,75;0,75;1,0;0,2265083508287459;927,0;94,0;0,0;0,0;-0,0198117556256125;0,0880896471998673;100,0;4,0;5,0;R128, R16, R32, R64;13,64;1,158;rafael jodar
2026_Roland_Garros_20260625_120010;2026-06-25 12:00:10;V16.4;Roland Garros;2026;clay;2. Aggressive Alternative;80,0;8;DANIIL MEDVEDEV;3;64;17,4;81,72;4,69655;4,0;6.0;;False;FLAVIO COBOLLI;67,21;-14,51;Embedded Slam CSV;128;127;99,219;16;8;3;1889,0;1977,4;2201,2;9,0;0,6666666666666666;0,6666666666666666;0,6;1,9023420664965487;892,0;174,0;0,0499999999999999;0,0;-0,0213983799838042;0,0689909585194655;0,0;0,0;1,0;;-81,72;0,0;daniil medvedev
2026_Roland_Garros_20260625_120010;2026-06-25 12:00:10;V16.4;Roland Garros;2026;clay;2. Aggressive Alternative;80,0;8;VALENTIN VACHEROT;4;48;6,5;62,31;9,58615;12,0;16.0;;False;DINO PRIZMIC;41,46;-20,85;Embedded Slam CSV;128;127;99,219;16;8;3;1788,8;1902,6;1929,6;20,0;0,5833333333333334;0,5;1,0;-0,2240827130703458;170,0;131,0;0,0;0,0;0,0057553947207785;0,0311671641631093;25,0;1,0;2,0;R128;-37,31;0,401;valentin vacherot
2026_Roland_Garros_20260625_120010;2026-06-25 12:00:10;V16.4;Roland Garros;2026;clay;2. Aggressive Alternative;80,0;8;LEARNER TIEN;5;56;8,1;59,7;7,37037;14,0;18.0;;False;LUCIANO DARDERI;58,52;-1,18;Embedded Slam CSV;128;127;99,219;16;8;3;1821,4;1941,1;1977,4;18,0;0,75;0,7272727272727273;0,8461538461538461;0,8047123260682063;680,0;152,0;0,0;0,0;-0,0598921384108948;0,0414610866014378;50,0;2,0;3,0;R128, R64;-9,7;0,838;learner tien
2026_Roland_Garros_20260625_120010;2026-06-25 12:00:10;V16.4;Roland Garros;2026;clay;2. Aggressive Alternative;80,0;8;ALEXANDER BLOCKX;6;67;4,7;48,84;10,39149;21,0;;;False;MARIANO NAVONE;35,55;-13,29;Embedded Slam CSV;128;127;99,219;16;8;3;1867,9;1905,5;1907,2;37,0;0,6666666666666666;0,7;1,0;-0,3;0,0;164,0;0,0;0,0;0,0135621837571822;0,0198470309602795;25,0;1,0;2,0;R128;-23,84;0,512;alexander blockx
2026_Roland_Garros_20260625_120010;2026-06-25 12:00:10;V16.4;Roland Garros;2026;clay;2. Aggressive Alternative;80,0;8;RAPHAEL COLLIGNON;7;29;2,3;44,78;19,46957;27,0;;;False;LUCA VAN ASSCHE;25,67;-19,11;Embedded Slam CSV;128;127;99,219;16;8;3;1823,9;1914,9;1924,1;43,0;0,6666666666666666;0,7;0,625;1,5347100690068358;1129,0;142,0;0,0499999999999999;0,0;0,00623897680825;0,0495072009430751;50,0;2,0;3,0;R128, R64;5,22;1,117;raphael collignon
2026_Roland_Garros_20260625_120010;2026-06-25 12:00:10;V16.4;Roland Garros;2026;clay;2. Aggressive Alternative;80,0;8;JESPER DE JONG;8;120;1,0;36,27;36,27;32,0;;LL;False;FACUNDO DIAZ ACOSTA;20,58;-15,69;Embedded Slam CSV;128;127;99,219;16;8;3;1701,5;1707,0;1741,0;74,0;0,75;0,7368421052631579;1,0;0,9945666397240176;1446,0;176,0;-0,1;0,0;-0,0374201359028151;0,0524299557069078;75,0;3,0;4,0;R128, R32, R64;38,73;2,068;jesper de jong
2026_Roland_Garros_20260625_120010;2026-06-25 12:00:10;V16.4;Roland Garros;2026;clay;3. Conservative Alternative;80,0;8;JANNIK SINNER;1;1;33,2;121,97;3,6738;1,0;1.0;;True;ALEXANDER ZVEREV;103,04;-18,93;Embedded Slam CSV;128;127;99,219;16;8;3;2215,7;2319,8;2339,8;1,0;0,9166666666666666;0,9230769230769232;1,0;-0,1332609188299867;342,0;185,0;0,0;0,0;0,0453691726255568;0,1045003562533348;25,0;1,0;2,0;R128;-96,97;0,205;jannik sinner
2026_Roland_Garros_20260625_120010;2026-06-25 12:00:10;V16.4;Roland Garros;2026;clay;3. Conservative Alternative;80,0;8;RAFAEL JODAR;2;104;6,5;86,36;13,28615;3,0;27.0;;False;DINO PRIZMIC;41,46;-44,9;Embedded Slam CSV;128;127;99,219;16;8;3;1948,9;1998,6;2014,0;26,0;0,75;0,75;1,0;0,2265083508287459;927,0;94,0;0,0;0,0;-0,0198117556256125;0,0880896471998673;100,0;4,0;5,0;R128, R16, R32, R64;13,64;1,158;rafael jodar
2026_Roland_Garros_20260625_120010;2026-06-25 12:00:10;V16.4;Roland Garros;2026;clay;3. Conservative Alternative;80,0;8;FRANCES TIAFOE;3;24;9,1;63,53;6,98132;9,0;19.0;;False;BRANDON NAKASHIMA;46,13;-17,4;Embedded Slam CSV;128;127;99,219;16;8;3;1827,5;1918,1;1974,0;19,0;0,8333333333333334;0,625;0,5;2,3325578212012927;1814,0;150,0;0,1;0,0;-0,0066993719094766;0,0301116648285577;75,0;3,0;4,0;R128, R32, R64;11,47;1,181;frances tiafoe
2026_Roland_Garros_20260625_120010;2026-06-25 12:00:10;V16.4;Roland Garros;2026;clay;3. Conservative Alternative;80,0;8;VALENTIN VACHEROT;4;48;6,5;62,31;9,58615;12,0;16.0;;False;ARTHUR RINDERKNECH;33,74;-28,57;Embedded Slam CSV;128;127;99,219;16;8;3;1788,8;1902,6;1929,6;20,0;0,5833333333333334;0,5;1,0;-0,2240827130703458;170,0;131,0;0,0;0,0;0,0057553947207785;0,0311671641631093;25,0;1,0;2,0;R128;-37,31;0,401;valentin vacherot
2026_Roland_Garros_20260625_120010;2026-06-25 12:00:10;V16.4;Roland Garros;2026;clay;3. Conservative Alternative;80,0;8;LEARNER TIEN;5;56;8,1;59,7;7,37037;14,0;18.0;;False;ALEXANDER BLOCKX;48,84;-10,86;Embedded Slam CSV;128;127;99,219;16;8;3;1821,4;1941,1;1977,4;18,0;0,75;0,7272727272727273;0,8461538461538461;0,8047123260682063;680,0;152,0;0,0;0,0;-0,0598921384108948;0,0414610866014378;50,0;2,0;3,0;R128, R64;-9,7;0,838;learner tien
2026_Roland_Garros_20260625_120010;2026-06-25 12:00:10;V16.4;Roland Garros;2026;clay;3. Conservative Alternative;80,0;8;LUCIANO DARDERI;6;16;8,0;58,52;7,315;15,0;14.0;;False;MATTEO BERRETTINI;42,79;-15,73;Embedded Slam CSV;128;127;99,219;16;8;3;1837,9;1839,2;1858,1;16,0;0,6666666666666666;0,6666666666666666;0,9230769230769232;0,5218400728733269;509,0;174,0;0,15;0,0;-0,0479909365287827;0,0542982112895332;25,0;1,0;2,0;R128;-33,52;0,427;luciano darderi
2026_Roland_Garros_20260625_120010;2026-06-25 12:00:10;V16.4;Roland Garros;2026;clay;3. Conservative Alternative;80,0;8;UGO HUMBERT;7;121;6,2;45,68;7,36774;25,0;32.0;;False;MARIANO NAVONE;35,55;-10,13;Embedded Slam CSV;128;127;99,219;16;8;3;1724,4;1852,3;2017,7;30,0;0,6666666666666666;0,5;0,5;2,301091461048033;1080,0;147,0;0,1;1,0;0,0093947790773174;-0,0019023248049344;25,0;1,0;2,0;R128;-20,68;0,547;ugo humbert
2026_Roland_Garros_20260625_120010;2026-06-25 12:00:10;V16.4;Roland Garros;2026;clay;3. Conservative Alternative;80,0;8;RAPHAEL COLLIGNON;8;29;2,3;44,78;19,46957;27,0;;;False;JESPER DE JONG;36,27;-8,51;Embedded Slam CSV;128;127;99,219;16;8;3;1823,9;1914,9;1924,1;43,0;0,6666666666666666;0,7;0,625;1,5347100690068358;1129,0;142,0;0,0499999999999999;0,0;0,00623897680825;0,0495072009430751;50,0;2,0;3,0;R128, R64;5,22;1,117;raphael collignon
2026_Mallorca_20260629_114734;2026-06-29 11:47:34;V16.4;Mallorca;2026;grass;1. Optimized Team;50,0;6;Ethan Quinn;1;11;2,3;61,37;26,68261;1,0;;;False;Adrian Mannarino;16,86;-44,51;ProTennisLive PDF;28;27;96,429;4;3;3;1712,2;1804,1;1842,9;47,0;0,4166666666666667;0,5;0,2222222222222222;0,9158947194871352;421,0;185,0;0,0;0,0;-0,0262203020332207;-0,0125073441905364;100,0;4,0;5,0;QF, R16, R32, SF;38,63;1,629;ethan quinn
2026_Mallorca_20260629_114734;2026-06-29 11:47:34;V16.4;Mallorca;2026;grass;1. Optimized Team;50,0;6;Alejandro Davidovich Fokina;2;32;12,6;55,1;4,37302;2,0;2.0;;False;Stefanos Tsitsipas;33,42;-21,68;ProTennisLive PDF;28;27;96,429;4;3;3;1782,0;1893,2;1934,8;23,0;0,5;0,6666666666666666;0,2727272727272727;1,132767627052058;887,0;334,0;0,0499999999999999;1,0;-0,0543521838920762;0,023541754490092;100,0;4,0;4,0;F, QF, R16, SF;44,9;1,815;alejandro davidovich fokina
2026_Mallorca_20260629_114734;2026-06-29 11:47:34;V16.4;Mallorca;2026;grass;1. Optimized Team;50,0;6;Alejandro Tabilo;3;24;4,7;46,29;9,84894;3,0;4.0;;False;Martin Landaluce;27,54;-18,75;ProTennisLive PDF;28;27;96,429;4;3;3;1670,3;1819,3;1895,7;33,0;0,6666666666666666;0,0;0,0625;0,5308683542372423;524,0;387,0;0,0;0,0;-0,0117769021904495;0,0246888491333742;0,0;0,0;1,0;;-46,29;0,0;alejandro tabilo
2026_Mallorca_20260629_114734;2026-06-29 11:47:34;V16.4;Mallorca;2026;grass;1. Optimized Team;50,0;6;Miomir Kecmanovic;4;19;4,6;45,24;9,83478;4,0;;;False;Mariano Navone;26,81;-18,43;ProTennisLive PDF;28;27;96,429;4;3;3;1641,1;1768,4;1900,6;50,0;0,5833333333333334;0,0;0,0909090909090909;0,4692866535226398;397,0;347,0;-0,15;0,0;-0,0296411354451242;0,0422872265231553;50,0;2,0;3,0;R16, R32;4,76;1,105;miomir kecmanovic
2026_Mallorca_20260629_114734;2026-06-29 11:47:34;V16.4;Mallorca;2026;grass;1. Optimized Team;50,0;6;Grigor Dimitrov;5;28;3,8;42,99;11,31316;5,0;;WC;False;Yannick Hanfmann;23,4;-19,59;ProTennisLive PDF;28;27;96,429;4;3;3;1661,9;1743,5;2111,5;146,0;0,25;0,6666666666666666;0,4285714285714285;0,5354343451943014;231,0;296,0;0,0999999999999999;0,0;-0,0061693155370775;0,0076192021156344;50,0;2,0;3,0;R16, R32;7,01;1,163;grigor dimitrov
2026_Mallorca_20260629_114734;2026-06-29 11:47:34;V16.4;Mallorca;2026;grass;1. Optimized Team;50,0;6;Luciano Darderi;6;1;8,0;41,64;5,205;6,0;1.0;;False;Corentin Moutet;32,51;-9,13;ProTennisLive PDF;28;27;96,429;4;3;3;1630,7;1834,5;1858,1;16,0;0,6666666666666666;0,0;0,0;0,1432892553430649;705,0;313,0;-0,15;0,0;-0,0521341850985398;0,0496262326136229;25,0;1,0;2,0;R16;-16,64;0,6;luciano darderi
2026_Mallorca_20260629_114734;2026-06-29 11:47:34;V16.4;Mallorca;2026;grass;2. Aggressive Alternative;50,0;6;Ethan Quinn;1;11;2,3;61,37;26,68261;1,0;;;False;Adrian Mannarino;16,86;-44,51;ProTennisLive PDF;28;27;96,429;4;3;3;1712,2;1804,1;1842,9;47,0;0,4166666666666667;0,5;0,2222222222222222;0,9158947194871352;421,0;185,0;0,0;0,0;-0,0262203020332207;-0,0125073441905364;100,0;4,0;5,0;QF, R16, R32, SF;38,63;1,629;ethan quinn
2026_Mallorca_20260629_114734;2026-06-29 11:47:34;V16.4;Mallorca;2026;grass;2. Aggressive Alternative;50,0;6;Alejandro Davidovich Fokina;2;32;12,6;55,1;4,37302;2,0;2.0;;False;Corentin Moutet;32,51;-22,59;ProTennisLive PDF;28;27;96,429;4;3;3;1782,0;1893,2;1934,8;23,0;0,5;0,6666666666666666;0,2727272727272727;1,132767627052058;887,0;334,0;0,0499999999999999;1,0;-0,0543521838920762;0,023541754490092;100,0;4,0;4,0;F, QF, R16, SF;44,9;1,815;alejandro davidovich fokina
2026_Mallorca_20260629_114734;2026-06-29 11:47:34;V16.4;Mallorca;2026;grass;2. Aggressive Alternative;50,0;6;Alejandro Tabilo;3;24;4,7;46,29;9,84894;3,0;4.0;;False;Martin Landaluce;27,54;-18,75;ProTennisLive PDF;28;27;96,429;4;3;3;1670,3;1819,3;1895,7;33,0;0,6666666666666666;0,0;0,0625;0,5308683542372423;524,0;387,0;0,0;0,0;-0,0117769021904495;0,0246888491333742;0,0;0,0;1,0;;-46,29;0,0;alejandro tabilo
2026_Mallorca_20260629_114734;2026-06-29 11:47:34;V16.4;Mallorca;2026;grass;2. Aggressive Alternative;50,0;6;Miomir Kecmanovic;4;19;4,6;45,24;9,83478;4,0;;;False;Mariano Navone;26,81;-18,43;ProTennisLive PDF;28;27;96,429;4;3;3;1641,1;1768,4;1900,6;50,0;0,5833333333333334;0,0;0,0909090909090909;0,4692866535226398;397,0;347,0;-0,15;0,0;-0,0296411354451242;0,0422872265231553;50,0;2,0;3,0;R16, R32;4,76;1,105;miomir kecmanovic
2026_Mallorca_20260629_114734;2026-06-29 11:47:34;V16.4;Mallorca;2026;grass;2. Aggressive Alternative;50,0;6;Grigor Dimitrov;5;28;3,8;42,99;11,31316;5,0;;WC;False;Yannick Hanfmann;23,4;-19,59;ProTennisLive PDF;28;27;96,429;4;3;3;1661,9;1743,5;2111,5;146,0;0,25;0,6666666666666666;0,4285714285714285;0,5354343451943014;231,0;296,0;0,0999999999999999;0,0;-0,0061693155370775;0,0076192021156344;50,0;2,0;3,0;R16, R32;7,01;1,163;grigor dimitrov
2026_Mallorca_20260629_114734;2026-06-29 11:47:34;V16.4;Mallorca;2026;grass;2. Aggressive Alternative;50,0;6;Luciano Darderi;6;1;8,0;41,64;5,205;6,0;1.0;;False;Stefanos Tsitsipas;33,42;-8,22;ProTennisLive PDF;28;27;96,429;4;3;3;1630,7;1834,5;1858,1;16,0;0,6666666666666666;0,0;0,0;0,1432892553430649;705,0;313,0;-0,15;0,0;-0,0521341850985398;0,0496262326136229;25,0;1,0;2,0;R16;-16,64;0,6;luciano darderi
2026_Mallorca_20260629_114734;2026-06-29 11:47:34;V16.4;Mallorca;2026;grass;3. Conservative Alternative;50,0;6;Ethan Quinn;1;11;2,3;61,37;26,68261;1,0;;;False;Adrian Mannarino;16,86;-44,51;ProTennisLive PDF;28;27;96,429;4;3;3;1712,2;1804,1;1842,9;47,0;0,4166666666666667;0,5;0,2222222222222222;0,9158947194871352;421,0;185,0;0,0;0,0;-0,0262203020332207;-0,0125073441905364;100,0;4,0;5,0;QF, R16, R32, SF;38,63;1,629;ethan quinn
2026_Mallorca_20260629_114734;2026-06-29 11:47:34;V16.4;Mallorca;2026;grass;3. Conservative Alternative;50,0;6;Alejandro Davidovich Fokina;2;32;12,6;55,1;4,37302;2,0;2.0;;False;Corentin Moutet;32,51;-22,59;ProTennisLive PDF;28;27;96,429;4;3;3;1782,0;1893,2;1934,8;23,0;0,5;0,6666666666666666;0,2727272727272727;1,132767627052058;887,0;334,0;0,0499999999999999;1,0;-0,0543521838920762;0,023541754490092;100,0;4,0;4,0;F, QF, R16, SF;44,9;1,815;alejandro davidovich fokina
2026_Mallorca_20260629_114734;2026-06-29 11:47:34;V16.4;Mallorca;2026;grass;3. Conservative Alternative;50,0;6;Alejandro Tabilo;3;24;4,7;46,29;9,84894;3,0;4.0;;False;Mariano Navone;26,81;-19,48;ProTennisLive PDF;28;27;96,429;4;3;3;1670,3;1819,3;1895,7;33,0;0,6666666666666666;0,0;0,0625;0,5308683542372423;524,0;387,0;0,0;0,0;-0,0117769021904495;0,0246888491333742;0,0;0,0;1,0;;-46,29;0,0;alejandro tabilo
2026_Mallorca_20260629_114734;2026-06-29 11:47:34;V16.4;Mallorca;2026;grass;3. Conservative Alternative;50,0;6;Miomir Kecmanovic;4;19;4,6;45,24;9,83478;4,0;;;False;Martin Landaluce;27,54;-17,7;ProTennisLive PDF;28;27;96,429;4;3;3;1641,1;1768,4;1900,6;50,0;0,5833333333333334;0,0;0,0909090909090909;0,4692866535226398;397,0;347,0;-0,15;0,0;-0,0296411354451242;0,0422872265231553;50,0;2,0;3,0;R16, R32;4,76;1,105;miomir kecmanovic
2026_Mallorca_20260629_114734;2026-06-29 11:47:34;V16.4;Mallorca;2026;grass;3. Conservative Alternative;50,0;6;Grigor Dimitrov;5;28;3,8;42,99;11,31316;5,0;;WC;False;Yannick Hanfmann;23,4;-19,59;ProTennisLive PDF;28;27;96,429;4;3;3;1661,9;1743,5;2111,5;146,0;0,25;0,6666666666666666;0,4285714285714285;0,5354343451943014;231,0;296,0;0,0999999999999999;0,0;-0,0061693155370775;0,0076192021156344;50,0;2,0;3,0;R16, R32;7,01;1,163;grigor dimitrov
2026_Mallorca_20260629_114734;2026-06-29 11:47:34;V16.4;Mallorca;2026;grass;3. Conservative Alternative;50,0;6;Luciano Darderi;6;1;8,0;41,64;5,205;6,0;1.0;;False;Stefanos Tsitsipas;33,42;-8,22;ProTennisLive PDF;28;27;96,429;4;3;3;1630,7;1834,5;1858,1;16,0;0,6666666666666666;0,0;0,0;0,1432892553430649;705,0;313,0;-0,15;0,0;-0,0521341850985398;0,0496262326136229;25,0;1,0;2,0;R16;-16,64;0,6;luciano darderi
2026_Madrid_20260625_114018;2026-06-25 11:40:18;V16.4;Madrid;2026;clay;1. Optimized Team;80,0;8;JANNIK SINNER;1;1;33,2;105,51;3,17801;1,0;1.0;;True;ALEXANDER ZVEREV;79,5;-26,01;ProTennisLive PDF;91;91;100,0;9;3;3;2215,7;2319,8;2339,8;1,0;0,9166666666666666;0,9230769230769232;1,0;-0,1332609188299867;342,0;269,0;0,0;0,0;0,0453691726255568;0,1045003562533348;150,0;6,0;6,0;F, QF, R16, R32, R64, SF;44,49;1,422;jannik sinner
2026_Madrid_20260625_114018;2026-06-25 11:40:18;V16.4;Madrid;2026;clay;1. Optimized Team;80,0;8;CASPER RUUD;2;80;17,8;72,52;4,07416;3,0;12.0;;False;DANIIL MEDVEDEV;68,54;-3,98;ProTennisLive PDF;91;91;100,0;9;3;3;1973,0;1983,1;2071,9;12,0;0,75;0,7777777777777778;1,0;0,1753825855966742;882,0;229,0;0,0;0,0;-0,0147201157026987;0,0624223904551426;75,0;3,0;4,0;R16, R32, R64;2,48;1,034;casper ruud
2026_Madrid_20260625_114018;2026-06-25 11:40:18;V16.4;Madrid;2026;clay;1. Optimized Team;80,0;8;ALEXANDER BLOCKX;3;92;4,7;53,83;11,45319;7,0;;;False;THIAGO AGUSTIN TIRANTE;26,71;-27,12;ProTennisLive PDF;91;91;100,0;9;3;3;1867,9;1905,5;1907,2;37,0;0,6666666666666666;0,7;1,0;-0,3;0,0;172,0;0,0;0,0;0,0135621837571822;0,0198470309602795;125,0;5,0;6,0;QF, R128, R16, R32, R64;71,17;2,322;alexander blockx
2026_Madrid_20260625_114018;2026-06-25 11:40:18;V16.4;Madrid;2026;clay;1. Optimized Team;80,0;8;RAFAEL JODAR;4;29;6,5;46,24;7,11385;10,0;;WC;False;PABLO CARRENO BUSTA;30,8;-15,44;ProTennisLive PDF;91;91;100,0;9;3;3;1948,9;1998,6;2014,0;26,0;0,75;0,75;1,0;0,2265083508287459;927,0;94,0;0,05;1,0;-0,0198117556256125;0,0880896471998673;100,0;4,0;5,0;R128, R16, R32, R64;53,76;2,163;rafael jodar
2026_Madrid_20260625_114018;2026-06-25 11:40:18;V16.4;Madrid;2026;clay;1. Optimized Team;80,0;8;ALEJANDRO TABILO;5;51;5,0;42,21;8,442;14,0;;;False;MIOMIR KECMANOVIC;28,76;-13,45;ProTennisLive PDF;91;91;100,0;9;3;3;1787,8;1832,2;1895,7;33,0;0,5833333333333334;0,7692307692307693;0,8666666666666667;0,6095410870910674;610,0;241,0;-0,15;0,0;-0,0143776440930007;0,0343755765312569;25,0;1,0;2,0;R128;-17,21;0,592;alejandro tabilo
2026_Madrid_20260625_114018;2026-06-25 11:40:18;V16.4;Madrid;2026;clay;1. Optimized Team;80,0;8;VALENTIN VACHEROT;6;48;6,5;40,49;6,22923;17,0;14.0;;False;JUAN MANUEL CERUNDOLO;28,69;-11,8;ProTennisLive PDF;91;91;100,0;9;3;3;1788,8;1902,6;1929,6;20,0;0,5833333333333334;0,5;1,0;-0,2240827130703458;170,0;156,0;0,0;0,0;0,0057553947207785;0,0311671641631093;0,0;0,0;1,0;;-40,49;0,0;valentin vacherot
2026_Madrid_20260625_114018;2026-06-25 11:40:18;V16.4;Madrid;2026;clay;1. Optimized Team;80,0;8;IGNACIO BUSE;7;43;4,8;33,22;6,92083;26,0;;;False;SEBASTIAN BAEZ;27,55;-5,67;ProTennisLive PDF;91;91;100,0;9;3;3;1788,3;1826,1;1844,9;34,0;0,75;0,7692307692307693;0,7647058823529411;1,4926349843637885;637,0;148,0;0,0;0,0;-0,0373623693721173;0,0694574605508411;25,0;1,0;2,0;R128;-8,22;0,753;ignacio buse
2026_Madrid_20260625_114018;2026-06-25 11:40:18;V16.4;Madrid;2026;clay;1. Optimized Team;80,0;8;DANIEL MERIDA AGUILAR;8;70;1,0;26,94;26,94;32,0;;Q;False;FEDERICO CINA;20,42;-6,52;ProTennisLive PDF;91;91;100,0;9;3;3;1698,2;1741,7;1798,1;85,0;0,0;0,0;0,0;-0,3;0,0;0,0;0,35;1,0;0,0;0,0;0,0;0,0;0,0;;-26,94;0,0;daniel merida aguilar
2026_Madrid_20260625_114018;2026-06-25 11:40:18;V16.4;Madrid;2026;clay;2. Aggressive Alternative;80,0;8;JANNIK SINNER;1;1;33,2;105,51;3,17801;1,0;1.0;;True;ALEXANDER ZVEREV;79,5;-26,01;ProTennisLive PDF;91;91;100,0;9;3;3;2215,7;2319,8;2339,8;1,0;0,9166666666666666;0,9230769230769232;1,0;-0,1332609188299867;342,0;269,0;0,0;0,0;0,0453691726255568;0,1045003562533348;150,0;6,0;6,0;F, QF, R16, R32, R64, SF;44,49;1,422;jannik sinner
2026_Madrid_20260625_114018;2026-06-25 11:40:18;V16.4;Madrid;2026;clay;2. Aggressive Alternative;80,0;8;CASPER RUUD;2;80;17,8;72,52;4,07416;3,0;12.0;;False;DANIIL MEDVEDEV;68,54;-3,98;ProTennisLive PDF;91;91;100,0;9;3;3;1973,0;1983,1;2071,9;12,0;0,75;0,7777777777777778;1,0;0,1753825855966742;882,0;229,0;0,0;0,0;-0,0147201157026987;0,0624223904551426;75,0;3,0;4,0;R16, R32, R64;2,48;1,034;casper ruud
2026_Madrid_20260625_114018;2026-06-25 11:40:18;V16.4;Madrid;2026;clay;2. Aggressive Alternative;80,0;8;ALEXANDER BLOCKX;3;92;4,7;53,83;11,45319;7,0;;;False;SEBASTIAN BAEZ;27,55;-26,28;ProTennisLive PDF;91;91;100,0;9;3;3;1867,9;1905,5;1907,2;37,0;0,6666666666666666;0,7;1,0;-0,3;0,0;172,0;0,0;0,0;0,0135621837571822;0,0198470309602795;125,0;5,0;6,0;QF, R128, R16, R32, R64;71,17;2,322;alexander blockx
2026_Madrid_20260625_114018;2026-06-25 11:40:18;V16.4;Madrid;2026;clay;2. Aggressive Alternative;80,0;8;RAFAEL JODAR;4;29;6,5;46,24;7,11385;10,0;;WC;False;IGNACIO BUSE;33,22;-13,02;ProTennisLive PDF;91;91;100,0;9;3;3;1948,9;1998,6;2014,0;26,0;0,75;0,75;1,0;0,2265083508287459;927,0;94,0;0,05;1,0;-0,0198117556256125;0,0880896471998673;100,0;4,0;5,0;R128, R16, R32, R64;53,76;2,163;rafael jodar
2026_Madrid_20260625_114018;2026-06-25 11:40:18;V16.4;Madrid;2026;clay;2. Aggressive Alternative;80,0;8;STEFANOS TSITSIPAS;5;68;7,7;43,96;5,70909;12,0;;;False;VALENTIN VACHEROT;40,49;-3,47;ProTennisLive PDF;91;91;100,0;9;3;3;1845,6;1842,7;2145,1;88,0;0,4166666666666667;0,5;0,8888888888888888;0,4468567955862788;360,0;213,0;-0,15;0,0;0,0503714919174275;0,0083733315064745;75,0;3,0;4,0;R128, R32, R64;31,04;1,706;stefanos tsitsipas
2026_Madrid_20260625_114018;2026-06-25 11:40:18;V16.4;Madrid;2026;clay;2. Aggressive Alternative;80,0;8;ALEJANDRO TABILO;6;51;5,0;42,21;8,442;14,0;;;False;YANNICK HANFMANN;25,8;-16,41;ProTennisLive PDF;91;91;100,0;9;3;3;1787,8;1832,2;1895,7;33,0;0,5833333333333334;0,7692307692307693;0,8666666666666667;0,6095410870910674;610,0;241,0;-0,15;0,0;-0,0143776440930007;0,0343755765312569;25,0;1,0;2,0;R128;-17,21;0,592;alejandro tabilo
2026_Madrid_20260625_114018;2026-06-25 11:40:18;V16.4;Madrid;2026;clay;2. Aggressive Alternative;80,0;8;PABLO CARRENO BUSTA;7;75;3,1;30,8;9,93548;28,0;;WC;False;FEDERICO CINA;20,42;-10,38;ProTennisLive PDF;91;91;100,0;9;3;3;1766,6;1800,5;2005,1;71,0;0,6666666666666666;0,6363636363636364;1,0;0,0687875336945346;683,0;133,0;0,05;1,0;-0,0686031095300009;0,0583119832946218;25,0;1,0;2,0;R128;-5,8;0,812;pablo carreno busta
2026_Madrid_20260625_114018;2026-06-25 11:40:18;V16.4;Madrid;2026;clay;2. Aggressive Alternative;80,0;8;DANIEL MERIDA AGUILAR;8;70;1,0;26,94;26,94;32,0;;Q;False;TITOUAN DROGUET;14,48;-12,46;ProTennisLive PDF;91;91;100,0;9;3;3;1698,2;1741,7;1798,1;85,0;0,0;0,0;0,0;-0,3;0,0;0,0;0,35;1,0;0,0;0,0;0,0;0,0;0,0;;-26,94;0,0;daniel merida aguilar
2026_Madrid_20260625_114018;2026-06-25 11:40:18;V16.4;Madrid;2026;clay;3. Conservative Alternative;80,0;8;JANNIK SINNER;1;1;33,2;105,51;3,17801;1,0;1.0;;True;ALEXANDER ZVEREV;79,5;-26,01;ProTennisLive PDF;91;91;100,0;9;3;3;2215,7;2319,8;2339,8;1,0;0,9166666666666666;0,9230769230769232;1,0;-0,1332609188299867;342,0;269,0;0,0;0,0;0,0453691726255568;0,1045003562533348;150,0;6,0;6,0;F, QF, R16, R32, R64, SF;44,49;1,422;jannik sinner
2026_Madrid_20260625_114018;2026-06-25 11:40:18;V16.4;Madrid;2026;clay;3. Conservative Alternative;80,0;8;CASPER RUUD;2;80;17,8;72,52;4,07416;3,0;12.0;;False;DANIIL MEDVEDEV;68,54;-3,98;ProTennisLive PDF;91;91;100,0;9;3;3;1973,0;1983,1;2071,9;12,0;0,75;0,7777777777777778;1,0;0,1753825855966742;882,0;229,0;0,0;0,0;-0,0147201157026987;0,0624223904551426;75,0;3,0;4,0;R16, R32, R64;2,48;1,034;casper ruud
2026_Madrid_20260625_114018;2026-06-25 11:40:18;V16.4;Madrid;2026;clay;3. Conservative Alternative;80,0;8;ALEXANDER BLOCKX;3;92;4,7;53,83;11,45319;7,0;;;False;SEBASTIAN BAEZ;27,55;-26,28;ProTennisLive PDF;91;91;100,0;9;3;3;1867,9;1905,5;1907,2;37,0;0,6666666666666666;0,7;1,0;-0,3;0,0;172,0;0,0;0,0;0,0135621837571822;0,0198470309602795;125,0;5,0;6,0;QF, R128, R16, R32, R64;71,17;2,322;alexander blockx
2026_Madrid_20260625_114018;2026-06-25 11:40:18;V16.4;Madrid;2026;clay;3. Conservative Alternative;80,0;8;RAFAEL JODAR;4;29;6,5;46,24;7,11385;10,0;;WC;False;ALEX MICHELSEN;25,51;-20,73;ProTennisLive PDF;91;91;100,0;9;3;3;1948,9;1998,6;2014,0;26,0;0,75;0,75;1,0;0,2265083508287459;927,0;94,0;0,05;1,0;-0,0198117556256125;0,0880896471998673;100,0;4,0;5,0;R128, R16, R32, R64;53,76;2,163;rafael jodar
2026_Madrid_20260625_114018;2026-06-25 11:40:18;V16.4;Madrid;2026;clay;3. Conservative Alternative;80,0;8;ALEJANDRO TABILO;5;51;5,0;42,21;8,442;14,0;;;False;MIOMIR KECMANOVIC;28,76;-13,45;ProTennisLive PDF;91;91;100,0;9;3;3;1787,8;1832,2;1895,7;33,0;0,5833333333333334;0,7692307692307693;0,8666666666666667;0,6095410870910674;610,0;241,0;-0,15;0,0;-0,0143776440930007;0,0343755765312569;25,0;1,0;2,0;R128;-17,21;0,592;alejandro tabilo
2026_Madrid_20260625_114018;2026-06-25 11:40:18;V16.4;Madrid;2026;clay;3. Conservative Alternative;80,0;8;VALENTIN VACHEROT;6;48;6,5;40,49;6,22923;17,0;14.0;;False;JUAN MANUEL CERUNDOLO;28,69;-11,8;ProTennisLive PDF;91;91;100,0;9;3;3;1788,8;1902,6;1929,6;20,0;0,5833333333333334;0,5;1,0;-0,2240827130703458;170,0;156,0;0,0;0,0;0,0057553947207785;0,0311671641631093;0,0;0,0;1,0;;-40,49;0,0;valentin vacherot
2026_Madrid_20260625_114018;2026-06-25 11:40:18;V16.4;Madrid;2026;clay;3. Conservative Alternative;80,0;8;IGNACIO BUSE;7;43;4,8;33,22;6,92083;26,0;;;False;PABLO CARRENO BUSTA;30,8;-2,42;ProTennisLive PDF;91;91;100,0;9;3;3;1788,3;1826,1;1844,9;34,0;0,75;0,7692307692307693;0,7647058823529411;1,4926349843637885;637,0;148,0;0,0;0,0;-0,0373623693721173;0,0694574605508411;25,0;1,0;2,0;R128;-8,22;0,753;ignacio buse
2026_Madrid_20260625_114018;2026-06-25 11:40:18;V16.4;Madrid;2026;clay;3. Conservative Alternative;80,0;8;DANIEL MERIDA AGUILAR;8;70;1,0;26,94;26,94;32,0;;Q;False;FEDERICO CINA;20,42;-6,52;ProTennisLive PDF;91;91;100,0;9;3;3;1698,2;1741,7;1798,1;85,0;0,0;0,0;0,0;-0,3;0,0;0,0;0,35;1,0;0,0;0,0;0,0;0,0;0,0;;-26,94;0,0;daniel merida aguilar
2026_Eastbourne_20260626_061912;26/06/2026 06:19;V16.4;Eastbourne;2026;grass;1. Optimized Team;50,0;6;RAPHAEL COLLIGNON;1;15;2,3;72,24;31,4087;1,0;;;True;MARCOS GIRON;16,67;-55,57;ProTennisLive PDF;28;28;100,0;4;2;6;1751,5;1914,9;1924,1;43,0;0,666666667;0,666666667;0,375;1,345434001;994,0;171,0;0,05;0,0;0,011844877;0,038022182;0,0;0,0;1,0;;-72,24;0,0;raphael collignon
2026_Eastbourne_20260626_061912;26/06/2026 06:19;V16.4;Eastbourne;2026;grass;1. Optimized Team;50,0;6;UGO HUMBERT;2;25;6,2;57,45;9,26613;2,0;6.0;;False;THIAGO AGUSTIN TIRANTE;34,4;-23,05;ProTennisLive PDF;28;28;100,0;4;2;6;1738,2;1852,3;2017,7;30,0;0,666666667;0,777777778;0,5625;2,379670192;1035,0;224,0;0,1;0,0;0,031561425;-0,002694736;100,0;4,0;5,0;QF, R16, R32, SF;42,55;1,741;ugo humbert
2026_Eastbourne_20260626_061912;26/06/2026 06:19;V16.4;Eastbourne;2026;grass;1. Optimized Team;50,0;6;JACK DRAPER;3;18;1,0;53,57;53,57;3,0;;;False;JACK PINNINGTON JONES;16,9;-36,67;ProTennisLive PDF;28;28;100,0;4;2;6;1653,9;1807,8;2103,8;160,0;0,6;1,0;1,0;0,740048076;244,0;162,0;0,15;1,0;-0,013424671;0,029387679;75,0;3,0;4,0;QF, R16, R32;21,43;1,4;jack draper
2026_Eastbourne_20260626_061912;26/06/2026 06:19;V16.4;Eastbourne;2026;grass;1. Optimized Team;50,0;6;MATTEO ARNALDI;4;29;4,2;47,58;11,32857;4,0;;Q;False;ARTHUR FERY;23,13;-24,45;ProTennisLive PDF;28;28;100,0;4;2;6;1621,6;1840,6;1902,9;35,0;0,75;0,666666667;0,176470588;1,578232133;1537,0;208,0;0,35;0,0;-0,063972761;0,03349888;0,0;0,0;1,0;;-47,58;0,0;matteo arnaldi
2026_Eastbourne_20260626_061912;26/06/2026 06:19;V16.4;Eastbourne;2026;grass;1. Optimized Team;50,0;6;ALEXEI POPYRIN;5;4;3,2;41,06;12,83125;5,0;;;False;QUENTIN HALYS;18,4;-22,66;ProTennisLive PDF;28;28;100,0;4;2;6;1609,4;1754,5;1902,2;100,0;0,333333333;0,0;0,222222222;0,364777908;339,0;181,0;-0,15;0,0;-0,021195538;-0,023179607;0,0;0,0;1,0;;-41,06;0,0;alexei popyrin
2026_Eastbourne_20260626_061912;26/06/2026 06:19;V16.4;Eastbourne;2026;grass;1. Optimized Team;50,0;6;DANIEL ALTMAIER;6;5;3,4;36,27;10,66765;6,0;;;False;JENSON BROOKSBY;21,58;-14,69;ProTennisLive PDF;28;28;100,0;4;2;6;1618,8;1736,3;1789,1;59,0;0,583333333;0,571428571;0,466666667;1,971009907;1009,0;232,0;0,05;0,0;-0,042507367;-0,00048928;25,0;1,0;2,0;R32;-11,27;0,689;daniel altmaier
2026_Eastbourne_20260626_061912;26/06/2026 06:19;V16.4;Eastbourne;2026;grass;2. Aggressive Alternative;50,0;6;RAPHAEL COLLIGNON;1;15;2,3;72,24;31,4087;1,0;;;True;JAN CHOINSKI;13,43;-58,81;ProTennisLive PDF;28;28;100,0;4;2;6;1751,5;1914,9;1924,1;43,0;0,666666667;0,666666667;0,375;1,345434001;994,0;171,0;0,05;0,0;0,011844877;0,038022182;0,0;0,0;1,0;;-72,24;0,0;raphael collignon
2026_Eastbourne_20260626_061912;26/06/2026 06:19;V16.4;Eastbourne;2026;grass;2. Aggressive Alternative;50,0;6;UGO HUMBERT;2;25;6,2;57,45;9,26613;2,0;6.0;;False;THIAGO AGUSTIN TIRANTE;34,4;-23,05;ProTennisLive PDF;28;28;100,0;4;2;6;1738,2;1852,3;2017,7;30,0;0,666666667;0,777777778;0,5625;2,379670192;1035,0;224,0;0,1;0,0;0,031561425;-0,002694736;100,0;4,0;5,0;QF, R16, R32, SF;42,55;1,741;ugo humbert
2026_Eastbourne_20260626_061912;26/06/2026 06:19;V16.4;Eastbourne;2026;grass;2. Aggressive Alternative;50,0;6;JACK DRAPER;3;18;1,0;53,57;53,57;3,0;;;False;TOBY SAMUEL;15,17;-38,4;ProTennisLive PDF;28;28;100,0;4;2;6;1653,9;1807,8;2103,8;160,0;0,6;1,0;1,0;0,740048076;244,0;162,0;0,15;1,0;-0,013424671;0,029387679;75,0;3,0;4,0;QF, R16, R32;21,43;1,4;jack draper
2026_Eastbourne_20260626_061912;26/06/2026 06:19;V16.4;Eastbourne;2026;grass;2. Aggressive Alternative;50,0;6;MATTEO ARNALDI;4;29;4,2;47,58;11,32857;4,0;;Q;False;ARTHUR FERY;23,13;-24,45;ProTennisLive PDF;28;28;100,0;4;2;6;1621,6;1840,6;1902,9;35,0;0,75;0,666666667;0,176470588;1,578232133;1537,0;208,0;0,35;0,0;-0,063972761;0,03349888;0,0;0,0;1,0;;-47,58;0,0;matteo arnaldi
2026_Eastbourne_20260626_061912;26/06/2026 06:19;V16.4;Eastbourne;2026;grass;2. Aggressive Alternative;50,0;6;ALEXEI POPYRIN;5;4;3,2;41,06;12,83125;5,0;;;False;JACK PINNINGTON JONES;16,9;-24,16;ProTennisLive PDF;28;28;100,0;4;2;6;1609,4;1754,5;1902,2;100,0;0,333333333;0,0;0,222222222;0,364777908;339,0;181,0;-0,15;0,0;-0,021195538;-0,023179607;0,0;0,0;1,0;;-41,06;0,0;alexei popyrin
2026_Eastbourne_20260626_061912;26/06/2026 06:19;V16.4;Eastbourne;2026;grass;2. Aggressive Alternative;50,0;6;DANIEL ALTMAIER;6;5;3,4;36,27;10,66765;6,0;;;False;JENSON BROOKSBY;21,58;-14,69;ProTennisLive PDF;28;28;100,0;4;2;6;1618,8;1736,3;1789,1;59,0;0,583333333;0,571428571;0,466666667;1,971009907;1009,0;232,0;0,05;0,0;-0,042507367;-0,00048928;25,0;1,0;2,0;R32;-11,27;0,689;daniel altmaier
2026_Eastbourne_20260626_061912;26/06/2026 06:19;V16.4;Eastbourne;2026;grass;3. Conservative Alternative;50,0;6;RAPHAEL COLLIGNON;1;15;2,3;72,24;31,4087;1,0;;;True;MARCOS GIRON;16,67;-55,57;ProTennisLive PDF;28;28;100,0;4;2;6;1751,5;1914,9;1924,1;43,0;0,666666667;0,666666667;0,375;1,345434001;994,0;171,0;0,05;0,0;0,011844877;0,038022182;0,0;0,0;1,0;;-72,24;0,0;raphael collignon
2026_Eastbourne_20260626_061912;26/06/2026 06:19;V16.4;Eastbourne;2026;grass;3. Conservative Alternative;50,0;6;UGO HUMBERT;2;25;6,2;57,45;9,26613;2,0;6.0;;False;THIAGO AGUSTIN TIRANTE;34,4;-23,05;ProTennisLive PDF;28;28;100,0;4;2;6;1738,2;1852,3;2017,7;30,0;0,666666667;0,777777778;0,5625;2,379670192;1035,0;224,0;0,1;0,0;0,031561425;-0,002694736;100,0;4,0;5,0;QF, R16, R32, SF;42,55;1,741;ugo humbert
2026_Eastbourne_20260626_061912;26/06/2026 06:19;V16.4;Eastbourne;2026;grass;3. Conservative Alternative;50,0;6;JACK DRAPER;3;18;1,0;53,57;53,57;3,0;;;False;JACK PINNINGTON JONES;16,9;-36,67;ProTennisLive PDF;28;28;100,0;4;2;6;1653,9;1807,8;2103,8;160,0;0,6;1,0;1,0;0,740048076;244,0;162,0;0,15;1,0;-0,013424671;0,029387679;75,0;3,0;4,0;QF, R16, R32;21,43;1,4;jack draper
2026_Eastbourne_20260626_061912;26/06/2026 06:19;V16.4;Eastbourne;2026;grass;3. Conservative Alternative;50,0;6;MATTEO ARNALDI;4;29;4,2;47,58;11,32857;4,0;;Q;False;JENSON BROOKSBY;21,58;-26,0;ProTennisLive PDF;28;28;100,0;4;2;6;1621,6;1840,6;1902,9;35,0;0,75;0,666666667;0,176470588;1,578232133;1537,0;208,0;0,35;0,0;-0,063972761;0,03349888;0,0;0,0;1,0;;-47,58;0,0;matteo arnaldi
2026_Eastbourne_20260626_061912;26/06/2026 06:19;V16.4;Eastbourne;2026;grass;3. Conservative Alternative;50,0;6;ALEXEI POPYRIN;5;4;3,2;41,06;12,83125;5,0;;;False;QUENTIN HALYS;18,4;-22,66;ProTennisLive PDF;28;28;100,0;4;2;6;1609,4;1754,5;1902,2;100,0;0,333333333;0,0;0,222222222;0,364777908;339,0;181,0;-0,15;0,0;-0,021195538;-0,023179607;0,0;0,0;1,0;;-41,06;0,0;alexei popyrin
2026_Eastbourne_20260626_061912;26/06/2026 06:19;V16.4;Eastbourne;2026;grass;3. Conservative Alternative;50,0;6;DANIEL ALTMAIER;6;5;3,4;36,27;10,66765;6,0;;;False;ARTHUR FERY;23,13;-13,14;ProTennisLive PDF;28;28;100,0;4;2;6;1618,8;1736,3;1789,1;59,0;0,583333333;0,571428571;0,466666667;1,971009907;1009,0;232,0;0,05;0,0;-0,042507367;-0,00048928;25,0;1,0;2,0;R32;-11,27;0,689;daniel altmaier
2026_Wimbledon_20260629_112643;2026-06-29 11:26:43;V16.4;Wimbledon;2026;grass;1. Optimized Team;110,3;8;Jannik Sinner;1;1;33,2;109,53;3,2991;1,0;1.0;;True;Alexander Zverev;90,92;-18,61;Embedded Slam CSV;128;125;97,656;16;8;0;2088,3;2319,8;2339,8;1,0;0,9166666666666666;0,0;0,0;-0,2035403883717336;216,0;440,0;0,0;0,0;0,0512318907593464;0,0995182355142531;0,0;0,0;0,0;;-109,53;0,0;jannik sinner
2026_Wimbledon_20260629_112643;2026-06-29 11:26:43;V16.4;Wimbledon;2026;grass;1. Optimized Team;110,3;8;Alex De Minaur;2;65;17,8;86,06;4,83483;4,0;5.0;;False;Daniil Medvedev;65,19;-20,87;Embedded Slam CSV;128;125;97,656;16;8;0;1833,8;1960,8;2053,1;6,0;0,6666666666666666;0,7142857142857143;0,4666666666666667;0,8924602978239728;827,0;408,0;0,0499999999999999;0,0;-0,0392306494557948;0,0640664797298781;0,0;0,0;0,0;;-86,06;0,0;alex de minaur
2026_Wimbledon_20260629_112643;2026-06-29 11:26:43;V16.4;Wimbledon;2026;grass;1. Optimized Team;110,3;8;Ben Shelton;3;96;17,5;79,23;4,52743;5,0;4.0;;False;Tommy Paul;69,11;-10,12;Embedded Slam CSV;128;125;97,656;16;8;0;1863,3;1960,3;2024,4;5,0;0,6666666666666666;0,8571428571428571;0,5833333333333334;2,368432017006333;1043,0;271,0;0,1;0,0;0,0484098426722498;-0,0340562891071487;0,0;0,0;0,0;;-79,23;0,0;ben shelton
2026_Wimbledon_20260629_112643;2026-06-29 11:26:43;V16.4;Wimbledon;2026;grass;1. Optimized Team;110,3;8;Frances Tiafoe;4;105;10,6;77,47;7,30849;6,0;17.0;;False;Joao Fonseca;43,35;-34,12;Embedded Slam CSV;128;125;97,656;16;8;0;1823,3;1918,0;1974,0;19,0;0,8333333333333334;0,875;0,5;1,932639087070256;1623,0;375,0;0,1;0,0;0,0065321098668968;0,0294598893563684;0,0;0,0;0,0;;-77,47;0,0;frances tiafoe
2026_Wimbledon_20260629_112643;2026-06-29 11:26:43;V16.4;Wimbledon;2026;grass;1. Optimized Team;110,3;8;Learner Tien;5;48;8,2;67,78;8,26585;10,0;16.0;;False;Alex Michelsen;36,99;-30,79;Embedded Slam CSV;128;125;97,656;16;8;0;1711,3;1941,1;1977,4;17,0;0,75;0,5;0,1666666666666666;0,6119145477217608;561,0;161,0;0,0;0,0;-0,0442510969646982;0,0351658594771549;0,0;0,0;0,0;;-67,78;0,0;learner tien
2026_Wimbledon_20260629_112643;2026-06-29 11:26:43;V16.4;Wimbledon;2026;grass;1. Optimized Team;110,3;8;Rafael Jodar;6;9;6,5;64,46;9,91692;12,0;23.0;;False;Matteo Berrettini;35,71;-28,75;Embedded Slam CSV;128;125;97,656;16;8;0;1699,3;1998,6;2014,0;26,0;0,75;0,0;0,0;0,1197737205433576;824,0;94,0;0,0;0,0;-0,0188827071224319;0,0840230165742761;0,0;0,0;0,0;;-64,46;0,0;rafael jodar
2026_Wimbledon_20260629_112643;2026-06-29 11:26:43;V16.4;Wimbledon;2026;grass;1. Optimized Team;110,3;8;Brandon Nakashima;7;25;7,7;57,67;7,48961;18,0;28.0;;False;Ignacio Buse;37,2;-20,47;Embedded Slam CSV;128;125;97,656;16;8;0;1756,7;1839,0;1909,5;31,0;0,5833333333333334;0,75;0,4444444444444444;1,2252173408480245;903,0;406,0;0,075;0,0;-0,00636090487745;0,0263670534981723;0,0;0,0;0,0;;-57,67;0,0;brandon nakashima
2026_Wimbledon_20260629_112643;2026-06-29 11:26:43;V16.4;Wimbledon;2026;grass;1. Optimized Team;110,3;8;Cameron Norrie;8;40;7,0;52,42;7,48857;20,0;26.0;;False;Ugo Humbert;35,58;-16,84;Embedded Slam CSV;128;125;97,656;16;8;0;1719,3;1828,8;2028,6;29,0;0,4166666666666667;0,0;0,2;-0,15;90,0;389,0;-0,15;1,0;-0,0430359558147305;0,0138539568528709;0,0;0,0;0,0;;-52,42;0,0;cameron norrie
2026_Wimbledon_20260629_112643;2026-06-29 11:26:43;V16.4;Wimbledon;2026;grass;2. Aggressive Alternative;110,3;8;Jannik Sinner;1;1;33,2;109,53;3,2991;1,0;1.0;;True;Alexander Zverev;90,92;-18,61;Embedded Slam CSV;128;125;97,656;16;8;0;2088,3;2319,8;2339,8;1,0;0,9166666666666666;0,0;0,0;-0,2035403883717336;216,0;440,0;0,0;0,0;0,0512318907593464;0,0995182355142531;0,0;0,0;0,0;;-109,53;0,0;jannik sinner
2026_Wimbledon_20260629_112643;2026-06-29 11:26:43;V16.4;Wimbledon;2026;grass;2. Aggressive Alternative;110,3;8;Novak Djokovic;2;64;25,1;92,01;3,66574;2,0;7.0;;False;Ben Shelton;79,23;-12,78;Embedded Slam CSV;128;125;97,656;16;8;0;1924,9;2059,3;2463,2;8,0;0,5714285714285714;0,0;0,0;-0,0664297424941119;517,0;334,0;0,0;0,0;0,0094042507600484;0,0539259387499616;0,0;0,0;0,0;;-92,01;0,0;novak djokovic
2026_Wimbledon_20260629_112643;2026-06-29 11:26:43;V16.4;Wimbledon;2026;grass;2. Aggressive Alternative;110,3;8;Alex De Minaur;3;65;17,8;86,06;4,83483;4,0;5.0;;False;Tommy Paul;69,11;-16,95;Embedded Slam CSV;128;125;97,656;16;8;0;1833,8;1960,8;2053,1;6,0;0,6666666666666666;0,7142857142857143;0,4666666666666667;0,8924602978239728;827,0;408,0;0,0499999999999999;0,0;-0,0392306494557948;0,0640664797298781;0,0;0,0;0,0;;-86,06;0,0;alex de minaur
2026_Wimbledon_20260629_112643;2026-06-29 11:26:43;V16.4;Wimbledon;2026;grass;2. Aggressive Alternative;110,3;8;Frances Tiafoe;4;105;10,6;77,47;7,30849;6,0;17.0;;False;Cameron Norrie;52,42;-25,05;Embedded Slam CSV;128;125;97,656;16;8;0;1823,3;1918,0;1974,0;19,0;0,8333333333333334;0,875;0,5;1,932639087070256;1623,0;375,0;0,1;0,0;0,0065321098668968;0,0294598893563684;0,0;0,0;0,0;;-77,47;0,0;frances tiafoe
2026_Wimbledon_20260629_112643;2026-06-29 11:26:43;V16.4;Wimbledon;2026;grass;2. Aggressive Alternative;110,3;8;Learner Tien;5;48;8,2;67,78;8,26585;10,0;16.0;;False;Benjamin Bonzi;33,96;-33,82;Embedded Slam CSV;128;125;97,656;16;8;0;1711,3;1941,1;1977,4;17,0;0,75;0,5;0,1666666666666666;0,6119145477217608;561,0;161,0;0,0;0,0;-0,0442510969646982;0,0351658594771549;0,0;0,0;0,0;;-67,78;0,0;learner tien
2026_Wimbledon_20260629_112643;2026-06-29 11:26:43;V16.4;Wimbledon;2026;grass;2. Aggressive Alternative;110,3;8;Rafael Jodar;6;9;6,5;64,46;9,91692;12,0;23.0;;False;Alex Michelsen;36,99;-27,47;Embedded Slam CSV;128;125;97,656;16;8;0;1699,3;1998,6;2014,0;26,0;0,75;0,0;0,0;0,1197737205433576;824,0;94,0;0,0;0,0;-0,0188827071224319;0,0840230165742761;0,0;0,0;0,0;;-64,46;0,0;rafael jodar
2026_Wimbledon_20260629_112643;2026-06-29 11:26:43;V16.4;Wimbledon;2026;grass;2. Aggressive Alternative;110,3;8;Brandon Nakashima;7;25;7,7;57,67;7,48961;18,0;28.0;;False;Ignacio Buse;37,2;-20,47;Embedded Slam CSV;128;125;97,656;16;8;0;1756,7;1839,0;1909,5;31,0;0,5833333333333334;0,75;0,4444444444444444;1,2252173408480245;903,0;406,0;0,075;0,0;-0,00636090487745;0,0263670534981723;0,0;0,0;0,0;;-57,67;0,0;brandon nakashima
2026_Wimbledon_20260629_112643;2026-06-29 11:26:43;V16.4;Wimbledon;2026;grass;2. Aggressive Alternative;110,3;8;Martin Damm;8;60;1,0;35,79;35,79;29,0;;;False;Kyrian Jacquet;21,98;-13,81;Embedded Slam CSV;128;125;97,656;16;8;0;1659,8;1705,5;1767,9;106,0;0,5833333333333334;0,625;0,6153846153846154;0,5468671668698586;756,0;132,0;0,0499999999999999;0,0;0,0294949729167094;-0,0161352639281333;0,0;0,0;0,0;;-35,79;0,0;martin damm
2026_Wimbledon_20260629_112643;2026-06-29 11:26:43;V16.4;Wimbledon;2026;grass;3. Conservative Alternative;110,3;8;Jannik Sinner;1;1;33,2;109,53;3,2991;1,0;1.0;;True;Novak Djokovic;92,01;-17,52;Embedded Slam CSV;128;125;97,656;16;8;0;2088,3;2319,8;2339,8;1,0;0,9166666666666666;0,0;0,0;-0,2035403883717336;216,0;440,0;0,0;0,0;0,0512318907593464;0,0995182355142531;0,0;0,0;0,0;;-109,53;0,0;jannik sinner
2026_Wimbledon_20260629_112643;2026-06-29 11:26:43;V16.4;Wimbledon;2026;grass;3. Conservative Alternative;110,3;8;Alex De Minaur;2;65;17,8;86,06;4,83483;4,0;5.0;;False;Tommy Paul;69,11;-16,95;Embedded Slam CSV;128;125;97,656;16;8;0;1833,8;1960,8;2053,1;6,0;0,6666666666666666;0,7142857142857143;0,4666666666666667;0,8924602978239728;827,0;408,0;0,0499999999999999;0,0;-0,0392306494557948;0,0640664797298781;0,0;0,0;0,0;;-86,06;0,0;alex de minaur
2026_Wimbledon_20260629_112643;2026-06-29 11:26:43;V16.4;Wimbledon;2026;grass;3. Conservative Alternative;110,3;8;Ben Shelton;3;96;17,5;79,23;4,52743;5,0;4.0;;False;Daniil Medvedev;65,19;-14,04;Embedded Slam CSV;128;125;97,656;16;8;0;1863,3;1960,3;2024,4;5,0;0,6666666666666666;0,8571428571428571;0,5833333333333334;2,368432017006333;1043,0;271,0;0,1;0,0;0,0484098426722498;-0,0340562891071487;0,0;0,0;0,0;;-79,23;0,0;ben shelton
2026_Wimbledon_20260629_112643;2026-06-29 11:26:43;V16.4;Wimbledon;2026;grass;3. Conservative Alternative;110,3;8;Frances Tiafoe;4;105;10,6;77,47;7,30849;6,0;17.0;;False;Joao Fonseca;43,35;-34,12;Embedded Slam CSV;128;125;97,656;16;8;0;1823,3;1918,0;1974,0;19,0;0,8333333333333334;0,875;0,5;1,932639087070256;1623,0;375,0;0,1;0,0;0,0065321098668968;0,0294598893563684;0,0;0,0;0,0;;-77,47;0,0;frances tiafoe
2026_Wimbledon_20260629_112643;2026-06-29 11:26:43;V16.4;Wimbledon;2026;grass;3. Conservative Alternative;110,3;8;Learner Tien;5;48;8,2;67,78;8,26585;10,0;16.0;;False;Ignacio Buse;37,2;-30,58;Embedded Slam CSV;128;125;97,656;16;8;0;1711,3;1941,1;1977,4;17,0;0,75;0,5;0,1666666666666666;0,6119145477217608;561,0;161,0;0,0;0,0;-0,0442510969646982;0,0351658594771549;0,0;0,0;0,0;;-67,78;0,0;learner tien
2026_Wimbledon_20260629_112643;2026-06-29 11:26:43;V16.4;Wimbledon;2026;grass;3. Conservative Alternative;110,3;8;Rafael Jodar;6;9;6,5;64,46;9,91692;12,0;23.0;;False;Matteo Arnaldi;35,08;-29,38;Embedded Slam CSV;128;125;97,656;16;8;0;1699,3;1998,6;2014,0;26,0;0,75;0,0;0,0;0,1197737205433576;824,0;94,0;0,0;0,0;-0,0188827071224319;0,0840230165742761;0,0;0,0;0,0;;-64,46;0,0;rafael jodar
2026_Wimbledon_20260629_112643;2026-06-29 11:26:43;V16.4;Wimbledon;2026;grass;3. Conservative Alternative;110,3;8;Brandon Nakashima;7;25;7,7;57,67;7,48961;18,0;28.0;;False;Arthur Rinderknech;35,99;-21,68;Embedded Slam CSV;128;125;97,656;16;8;0;1756,7;1839,0;1909,5;31,0;0,5833333333333334;0,75;0,4444444444444444;1,2252173408480245;903,0;406,0;0,075;0,0;-0,00636090487745;0,0263670534981723;0,0;0,0;0,0;;-57,67;0,0;brandon nakashima
2026_Wimbledon_20260629_112643;2026-06-29 11:26:43;V16.4;Wimbledon;2026;grass;3. Conservative Alternative;110,3;8;Cameron Norrie;8;40;7,0;52,42;7,48857;20,0;26.0;;False;Ugo Humbert;35,58;-16,84;Embedded Slam CSV;128;125;97,656;16;8;0;1719,3;1828,8;2028,6;29,0;0,4166666666666667;0,0;0,2;-0,15;90,0;389,0;-0,15;1,0;-0,0430359558147305;0,0138539568528709;0,0;0,0;0,0;;-52,42;0,0;cameron norrie
2026_Monte_Carlo_20260710_110904;2026-07-10 11:09:04;V16.4;Monte-Carlo;2026;clay;1. Optimized Team;80,0;8;Carlos Alcaraz;1;1;31,3;87,11;2,78307;1,0;1.0;;True;Casper Ruud;65,92;-21,19;ProTennisLive PDF;56;56;100,0;7;4;3;2101,6;2161,8;2308,5;2,0;0,6666666666666666;0,0;0,0;-0,3;0,0;173,0;0,0;0,0;-0,0211895194567106;0,0902119284289748;;;;;;;carlos alcaraz
2026_Monte_Carlo_20260710_110904;2026-07-10 11:09:04;V16.4;Monte-Carlo;2026;clay;1. Optimized Team;80,0;8;Flavio Cobolli;2;25;11,7;51,77;4,42479;5,0;10.0;;False;Jiri Lehecka;44,72;-7,05;ProTennisLive PDF;56;56;100,0;7;4;3;1862,4;1896,3;1914,6;10,0;0,75;0,6666666666666666;0,6;3,5768183583452924;994,0;180,0;0,09;0,0;-0,0252952879361649;0,0207345631079281;;;;;;;flavio cobolli
2026_Monte_Carlo_20260710_110904;2026-07-10 11:09:04;V16.4;Monte-Carlo;2026;clay;1. Optimized Team;80,0;8;Joao Fonseca;3;37;10,2;47,76;4,68235;7,0;;;False;Tomas Martin Etcheverry;32,46;-15,3;ProTennisLive PDF;56;56;100,0;7;4;3;1856,3;1927,6;1992,5;27,0;0,5833333333333334;0,8;0,5555555555555556;0,6235825949045395;464,0;146,0;0,0499999999999999;0,0;-0,0261143384406609;0,0323079115351427;;;;;;;joao fonseca
2026_Monte_Carlo_20260710_110904;2026-07-10 11:09:04;V16.4;Monte-Carlo;2026;clay;1. Optimized Team;80,0;8;Luciano Darderi;4;24;8,0;44,74;5,5925;9,0;15.0;;False;Matteo Berrettini;30,08;-14,66;ProTennisLive PDF;56;56;100,0;7;4;3;1835,6;1834,5;1858,1;16,0;0,5833333333333334;0,6666666666666666;0,75;0,1714816331875433;344,0;176,0;-0,05;0,0;-0,0494157860390891;0,0481025148022894;;;;;;;luciano darderi
2026_Monte_Carlo_20260710_110904;2026-07-10 11:09:04;V16.4;Monte-Carlo;2026;clay;1. Optimized Team;80,0;8;Alexander Blockx;5;28;4,7;38,44;8,17872;13,0;;Q;False;Zizou Bergs;23,7;-14,74;ProTennisLive PDF;56;56;100,0;7;4;3;1867,9;1905,5;1907,2;36,0;0,6666666666666666;0,3333333333333333;0,75;0,403318327865115;181,0;165,0;0,1999999999999999;0,0;0,0128010350126991;0,0148007358039633;;;;;;;alexander blockx
2026_Monte_Carlo_20260710_110904;2026-07-10 11:09:04;V16.4;Monte-Carlo;2026;clay;1. Optimized Team;80,0;8;Alejandro Tabilo;6;12;4,7;34,85;7,41489;14,0;;;False;Fabian Marozsan;23,48;-11,37;ProTennisLive PDF;56;56;100,0;7;4;3;1781,3;1819,3;1895,7;33,0;0,5;0,7142857142857143;0,7;0,0698604341230887;261,0;165,0;-0,15;0,0;-0,0113624865206274;0,0314103025154343;;;;;;;alejandro tabilo
2026_Monte_Carlo_20260710_110904;2026-07-10 11:09:04;V16.4;Monte-Carlo;2026;clay;1. Optimized Team;80,0;8;Valentin Vacherot;7;19;6,5;34,27;5,27231;16,0;;;False;Matteo Arnaldi;27,01;-7,26;ProTennisLive PDF;56;56;100,0;7;4;3;1788,8;1902,6;1929,6;20,0;0,6363636363636364;0,5;1,0;-0,3;0,0;131,0;0,0;1,0;0,0057553947207785;0,0311671641631093;;;;;;;valentin vacherot
2026_Monte_Carlo_20260710_110904;2026-07-10 11:09:04;V16.4;Monte-Carlo;2026;clay;1. Optimized Team;80,0;8;Ethan Quinn;8;8;2,3;25,22;10,96522;24,0;;LL;False;Alexander Shevchenko;7,48;-17,74;ProTennisLive PDF;56;56;100,0;7;4;3;1688,2;1804,1;1842,9;47,0;0,5;0,0;0,1818181818181818;1,4423092726484088;1043,0;160,0;-0,15;0,0;-0,0348431543983586;-0,0008471429533784;;;;;;;ethan quinn
2026_Monte_Carlo_20260710_110904;2026-07-10 11:09:04;V16.4;Monte-Carlo;2026;clay;2. Aggressive Alternative;80,0;8;Carlos Alcaraz;1;1;31,3;87,11;2,78307;1,0;1.0;;True;Casper Ruud;65,92;-21,19;ProTennisLive PDF;56;56;100,0;7;4;3;2101,6;2161,8;2308,5;2,0;0,6666666666666666;0,0;0,0;-0,3;0,0;173,0;0,0;0,0;-0,0211895194567106;0,0902119284289748;;;;;;;carlos alcaraz
2026_Monte_Carlo_20260710_110904;2026-07-10 11:09:04;V16.4;Monte-Carlo;2026;clay;2. Aggressive Alternative;80,0;8;Flavio Cobolli;2;25;11,7;51,77;4,42479;5,0;10.0;;False;Jiri Lehecka;44,72;-7,05;ProTennisLive PDF;56;56;100,0;7;4;3;1862,4;1896,3;1914,6;10,0;0,75;0,6666666666666666;0,6;3,5768183583452924;994,0;180,0;0,09;0,0;-0,0252952879361649;0,0207345631079281;;;;;;;flavio cobolli
2026_Monte_Carlo_20260710_110904;2026-07-10 11:09:04;V16.4;Monte-Carlo;2026;clay;2. Aggressive Alternative;80,0;8;Joao Fonseca;3;37;10,2;47,76;4,68235;7,0;;;False;Tomas Martin Etcheverry;32,46;-15,3;ProTennisLive PDF;56;56;100,0;7;4;3;1856,3;1927,6;1992,5;27,0;0,5833333333333334;0,8;0,5555555555555556;0,6235825949045395;464,0;146,0;0,0499999999999999;0,0;-0,0261143384406609;0,0323079115351427;;;;;;;joao fonseca
2026_Monte_Carlo_20260710_110904;2026-07-10 11:09:04;V16.4;Monte-Carlo;2026;clay;2. Aggressive Alternative;80,0;8;Luciano Darderi;4;24;8,0;44,74;5,5925;9,0;15.0;;False;Matteo Berrettini;30,08;-14,66;ProTennisLive PDF;56;56;100,0;7;4;3;1835,6;1834,5;1858,1;16,0;0,5833333333333334;0,6666666666666666;0,75;0,1714816331875433;344,0;176,0;-0,05;0,0;-0,0494157860390891;0,0481025148022894;;;;;;;luciano darderi
2026_Monte_Carlo_20260710_110904;2026-07-10 11:09:04;V16.4;Monte-Carlo;2026;clay;2. Aggressive Alternative;80,0;8;Alexander Blockx;5;28;4,7;38,44;8,17872;13,0;;Q;False;Fabian Marozsan;23,48;-14,96;ProTennisLive PDF;56;56;100,0;7;4;3;1867,9;1905,5;1907,2;36,0;0,6666666666666666;0,3333333333333333;0,75;0,403318327865115;181,0;165,0;0,1999999999999999;0,0;0,0128010350126991;0,0148007358039633;;;;;;;alexander blockx
2026_Monte_Carlo_20260710_110904;2026-07-10 11:09:04;V16.4;Monte-Carlo;2026;clay;2. Aggressive Alternative;80,0;8;Alejandro Tabilo;6;12;4,7;34,85;7,41489;14,0;;;False;Zizou Bergs;23,7;-11,15;ProTennisLive PDF;56;56;100,0;7;4;3;1781,3;1819,3;1895,7;33,0;0,5;0,7142857142857143;0,7;0,0698604341230887;261,0;165,0;-0,15;0,0;-0,0113624865206274;0,0314103025154343;;;;;;;alejandro tabilo
2026_Monte_Carlo_20260710_110904;2026-07-10 11:09:04;V16.4;Monte-Carlo;2026;clay;2. Aggressive Alternative;80,0;8;Valentin Vacherot;7;19;6,5;34,27;5,27231;16,0;;;False;Matteo Arnaldi;27,01;-7,26;ProTennisLive PDF;56;56;100,0;7;4;3;1788,8;1902,6;1929,6;20,0;0,6363636363636364;0,5;1,0;-0,3;0,0;131,0;0,0;1,0;0,0057553947207785;0,0311671641631093;;;;;;;valentin vacherot
2026_Monte_Carlo_20260710_110904;2026-07-10 11:09:04;V16.4;Monte-Carlo;2026;clay;2. Aggressive Alternative;80,0;8;Ethan Quinn;8;8;2,3;25,22;10,96522;24,0;;LL;False;Alexander Shevchenko;7,48;-17,74;ProTennisLive PDF;56;56;100,0;7;4;3;1688,2;1804,1;1842,9;47,0;0,5;0,0;0,1818181818181818;1,4423092726484088;1043,0;160,0;-0,15;0,0;-0,0348431543983586;-0,0008471429533784;;;;;;;ethan quinn
2026_Monte_Carlo_20260710_110904;2026-07-10 11:09:04;V16.4;Monte-Carlo;2026;clay;3. Conservative Alternative;80,0;8;Carlos Alcaraz;1;1;31,3;87,11;2,78307;1,0;1.0;;True;Casper Ruud;65,92;-21,19;ProTennisLive PDF;56;56;100,0;7;4;3;2101,6;2161,8;2308,5;2,0;0,6666666666666666;0,0;0,0;-0,3;0,0;173,0;0,0;0,0;-0,0211895194567106;0,0902119284289748;;;;;;;carlos alcaraz
2026_Monte_Carlo_20260710_110904;2026-07-10 11:09:04;V16.4;Monte-Carlo;2026;clay;3. Conservative Alternative;80,0;8;Flavio Cobolli;2;25;11,7;51,77;4,42479;5,0;10.0;;False;Joao Fonseca;47,76;-4,01;ProTennisLive PDF;56;56;100,0;7;4;3;1862,4;1896,3;1914,6;10,0;0,75;0,6666666666666666;0,6;3,5768183583452924;994,0;180,0;0,09;0,0;-0,0252952879361649;0,0207345631079281;;;;;;;flavio cobolli
2026_Monte_Carlo_20260710_110904;2026-07-10 11:09:04;V16.4;Monte-Carlo;2026;clay;3. Conservative Alternative;80,0;8;Luciano Darderi;3;24;8,0;44,74;5,5925;9,0;15.0;;False;Tomas Machac;28,82;-15,92;ProTennisLive PDF;56;56;100,0;7;4;3;1835,6;1834,5;1858,1;16,0;0,5833333333333334;0,6666666666666666;0,75;0,1714816331875433;344,0;176,0;-0,05;0,0;-0,0494157860390891;0,0481025148022894;;;;;;;luciano darderi
2026_Monte_Carlo_20260710_110904;2026-07-10 11:09:04;V16.4;Monte-Carlo;2026;clay;3. Conservative Alternative;80,0;8;Jiri Lehecka;4;9;10,8;44,72;4,14074;10,0;11.0;;False;Tomas Martin Etcheverry;32,46;-12,26;ProTennisLive PDF;56;56;100,0;7;4;3;1825,5;1921,6;1989,9;14,0;0,5833333333333334;0,0;0,1818181818181818;2,4913958578567845;1287,0;149,0;0,0299999999999999;0,0;0,013945901270002;-0,0033023972585714;;;;;;;jiri lehecka
2026_Monte_Carlo_20260710_110904;2026-07-10 11:09:04;V16.4;Monte-Carlo;2026;clay;3. Conservative Alternative;80,0;8;Alexander Blockx;5;28;4,7;38,44;8,17872;13,0;;Q;False;Matteo Arnaldi;27,01;-11,43;ProTennisLive PDF;56;56;100,0;7;4;3;1867,9;1905,5;1907,2;36,0;0,6666666666666666;0,3333333333333333;0,75;0,403318327865115;181,0;165,0;0,1999999999999999;0,0;0,0128010350126991;0,0148007358039633;;;;;;;alexander blockx
2026_Monte_Carlo_20260710_110904;2026-07-10 11:09:04;V16.4;Monte-Carlo;2026;clay;3. Conservative Alternative;80,0;8;Alejandro Tabilo;6;12;4,7;34,85;7,41489;14,0;;;False;Zizou Bergs;23,7;-11,15;ProTennisLive PDF;56;56;100,0;7;4;3;1781,3;1819,3;1895,7;33,0;0,5;0,7142857142857143;0,7;0,0698604341230887;261,0;165,0;-0,15;0,0;-0,0113624865206274;0,0314103025154343;;;;;;;alejandro tabilo
2026_Monte_Carlo_20260710_110904;2026-07-10 11:09:04;V16.4;Monte-Carlo;2026;clay;3. Conservative Alternative;80,0;8;Valentin Vacherot;7;19;6,5;34,27;5,27231;16,0;;;False;Matteo Berrettini;30,08;-4,19;ProTennisLive PDF;56;56;100,0;7;4;3;1788,8;1902,6;1929,6;20,0;0,6363636363636364;0,5;1,0;-0,3;0,0;131,0;0,0;1,0;0,0057553947207785;0,0311671641631093;;;;;;;valentin vacherot
2026_Monte_Carlo_20260710_110904;2026-07-10 11:09:04;V16.4;Monte-Carlo;2026;clay;3. Conservative Alternative;80,0;8;Ethan Quinn;8;8;2,3;25,22;10,96522;24,0;;LL;False;Adrian Mannarino;7,14;-18,08;ProTennisLive PDF;56;56;100,0;7;4;3;1688,2;1804,1;1842,9;47,0;0,5;0,0;0,1818181818181818;1,4423092726484088;1043,0;160,0;-0,15;0,0;-0,0348431543983586;-0,0008471429533784;;;;;;;ethan quinn
2026_Brisbane_20260710_142216;2026-07-10 14:22:16;V16.4;Brisbane;2026;hard;1. Optimized Team;70,0;6;Daniil Medvedev;1;1;17,3;75,45;4,36127;1,0;1.0;;False;Jiri Lehecka;37,65;-37,8;ProTennisLive PDF;32;32;100,0;6;3;1;1962,3;1977,4;2201,2;9,0;0,8333333333333334;1,0;1,0;0,9823804484011552;458,0;138,0;0,15;0,0;0,0075577693912394;0,0885805487237317;;;;;;;daniil medvedev
2026_Brisbane_20260710_142216;2026-07-10 14:22:16;V16.4;Brisbane;2026;hard;1. Optimized Team;70,0;6;Learner Tien;2;16;8,2;69,66;8,49512;2,0;8.0;;False;Reilly Opelka;25,58;-44,08;ProTennisLive PDF;32;32;100,0;6;3;1;1904,3;1941,1;1977,4;17,0;0,8333333333333334;0,7142857142857143;1,0;0,3812018110533908;588,0;123,0;0,0;0,0;-0,0346543928282474;0,0361276937280827;;;;;;;learner tien
2026_Brisbane_20260710_142216;2026-07-10 14:22:16;V16.4;Brisbane;2026;hard;1. Optimized Team;70,0;6;Tommy Paul;3;24;13,3;68,26;5,13233;3,0;4.0;;False;Ugo Humbert;39,61;-28,65;ProTennisLive PDF;32;32;100,0;6;3;1;1881,2;1948,5;2028,8;25,0;0,5;0,5;1,0;0,487465807507686;202,0;109,0;0,0;0,0;0,0206630090049275;0,0370085758123983;;;;;;;tommy paul
2026_Brisbane_20260710_142216;2026-07-10 14:22:16;V16.4;Brisbane;2026;hard;1. Optimized Team;70,0;6;Valentin Vacherot;4;11;6,5;42,14;6,48308;4,0;;;False;Alex Michelsen;23,74;-18,4;ProTennisLive PDF;32;32;100,0;6;3;1;1852,2;1902,6;1929,6;20,0;0,75;0,6666666666666666;1,0;0,4339833323225222;183,0;108,0;0,0499999999999999;0,0;0,018889822933908;0,0332770109022326;;;;;;;valentin vacherot
2026_Brisbane_20260710_142216;2026-07-10 14:22:16;V16.4;Brisbane;2026;hard;1. Optimized Team;70,0;6;Alejandro Davidovich Fokina;5;32;12,6;41,38;3,28413;5,0;2.0;;False;Raphael Collignon;36,41;-4,97;ProTennisLive PDF;32;32;100,0;6;3;1;1842,4;1893,2;1934,8;23,0;0,6666666666666666;0,5;1,0;0,4681163924995057;183,0;115,0;0,0;0,0;-0,041647238955936;0,0301320898051595;;;;;;;alejandro davidovich fokina
2026_Brisbane_20260710_142216;2026-07-10 14:22:16;V16.4;Brisbane;2026;hard;1. Optimized Team;70,0;6;Frances Tiafoe;6;4;10,6;39,4;3,71698;7,0;;;False;Kamil Majchrzak;33,23;-6,17;ProTennisLive PDF;32;32;100,0;6;3;1;1861,4;1918,0;1974,0;19,0;0,25;0,5;1,0;0,0131144413344916;120,0;111,0;0,0;0,0;-0,011981882788837;-0,0004756618256738;;;;;;;frances tiafoe
2026_Brisbane_20260710_142216;2026-07-10 14:22:16;V16.4;Brisbane;2026;hard;2. Aggressive Alternative;70,0;6;Daniil Medvedev;1;1;17,3;75,45;4,36127;1,0;1.0;;False;Alejandro Davidovich Fokina;41,38;-34,07;ProTennisLive PDF;32;32;100,0;6;3;1;1962,3;1977,4;2201,2;9,0;0,8333333333333334;1,0;1,0;0,9823804484011552;458,0;138,0;0,15;0,0;0,0075577693912394;0,0885805487237317;;;;;;;daniil medvedev
2026_Brisbane_20260710_142216;2026-07-10 14:22:16;V16.4;Brisbane;2026;hard;2. Aggressive Alternative;70,0;6;Learner Tien;2;16;8,2;69,66;8,49512;2,0;8.0;;False;Rinky Hijikata;23,46;-46,2;ProTennisLive PDF;32;32;100,0;6;3;1;1904,3;1941,1;1977,4;17,0;0,8333333333333334;0,7142857142857143;1,0;0,3812018110533908;588,0;123,0;0,0;0,0;-0,0346543928282474;0,0361276937280827;;;;;;;learner tien
2026_Brisbane_20260710_142216;2026-07-10 14:22:16;V16.4;Brisbane;2026;hard;2. Aggressive Alternative;70,0;6;Tommy Paul;3;24;13,3;68,26;5,13233;3,0;4.0;;False;Kamil Majchrzak;33,23;-35,03;ProTennisLive PDF;32;32;100,0;6;3;1;1881,2;1948,5;2028,8;25,0;0,5;0,5;1,0;0,487465807507686;202,0;109,0;0,0;0,0;0,0206630090049275;0,0370085758123983;;;;;;;tommy paul
2026_Brisbane_20260710_142216;2026-07-10 14:22:16;V16.4;Brisbane;2026;hard;2. Aggressive Alternative;70,0;6;Valentin Vacherot;4;11;6,5;42,14;6,48308;4,0;;;False;Reilly Opelka;25,58;-16,56;ProTennisLive PDF;32;32;100,0;6;3;1;1852,2;1902,6;1929,6;20,0;0,75;0,6666666666666666;1,0;0,4339833323225222;183,0;108,0;0,0499999999999999;0,0;0,018889822933908;0,0332770109022326;;;;;;;valentin vacherot
2026_Brisbane_20260710_142216;2026-07-10 14:22:16;V16.4;Brisbane;2026;hard;2. Aggressive Alternative;70,0;6;Ugo Humbert;5;18;7,0;39,61;5,65857;6,0;;;False;Pablo Carreno Busta;22,72;-16,89;ProTennisLive PDF;32;32;100,0;6;3;1;1843,3;1867,7;2017,7;30,0;0,6666666666666666;0,6666666666666666;1,0;1,1737159144517122;325,0;112,0;0,0499999999999999;0,0;0,018996620527976;0,0158555923209747;;;;;;;ugo humbert
2026_Brisbane_20260710_142216;2026-07-10 14:22:16;V16.4;Brisbane;2026;hard;2. Aggressive Alternative;70,0;6;Raphael Collignon;6;26;3,0;36,41;12,13667;9,0;;Q;False;Dane Sweeny;11,35;-25,06;ProTennisLive PDF;32;32;100,0;6;3;1;1836,8;1893,5;1924,1;43,0;0,6666666666666666;0,625;1,0;1,0806689197731356;532,0;106,0;0,3999999999999999;0,0;-0,0101594299072827;0,0381537101813265;;;;;;;raphael collignon
2026_Brisbane_20260710_142216;2026-07-10 14:22:16;V16.4;Brisbane;2026;hard;3. Conservative Alternative;70,0;6;Daniil Medvedev;1;1;17,3;75,45;4,36127;1,0;1.0;;False;Ugo Humbert;39,61;-35,84;ProTennisLive PDF;32;32;100,0;6;3;1;1962,3;1977,4;2201,2;9,0;0,8333333333333334;1,0;1,0;0,9823804484011552;458,0;138,0;0,15;0,0;0,0075577693912394;0,0885805487237317;;;;;;;daniil medvedev
2026_Brisbane_20260710_142216;2026-07-10 14:22:16;V16.4;Brisbane;2026;hard;3. Conservative Alternative;70,0;6;Learner Tien;2;16;8,2;69,66;8,49512;2,0;8.0;;False;Cameron Norrie;22,54;-47,12;ProTennisLive PDF;32;32;100,0;6;3;1;1904,3;1941,1;1977,4;17,0;0,8333333333333334;0,7142857142857143;1,0;0,3812018110533908;588,0;123,0;0,0;0,0;-0,0346543928282474;0,0361276937280827;;;;;;;learner tien
2026_Brisbane_20260710_142216;2026-07-10 14:22:16;V16.4;Brisbane;2026;hard;3. Conservative Alternative;70,0;6;Tommy Paul;3;24;13,3;68,26;5,13233;3,0;4.0;;False;Frances Tiafoe;39,4;-28,86;ProTennisLive PDF;32;32;100,0;6;3;1;1881,2;1948,5;2028,8;25,0;0,5;0,5;1,0;0,487465807507686;202,0;109,0;0,0;0,0;0,0206630090049275;0,0370085758123983;;;;;;;tommy paul
2026_Brisbane_20260710_142216;2026-07-10 14:22:16;V16.4;Brisbane;2026;hard;3. Conservative Alternative;70,0;6;Valentin Vacherot;4;11;6,5;42,14;6,48308;4,0;;;False;Reilly Opelka;25,58;-16,56;ProTennisLive PDF;32;32;100,0;6;3;1;1852,2;1902,6;1929,6;20,0;0,75;0,6666666666666666;1,0;0,4339833323225222;183,0;108,0;0,0499999999999999;0,0;0,018889822933908;0,0332770109022326;;;;;;;valentin vacherot
2026_Brisbane_20260710_142216;2026-07-10 14:22:16;V16.4;Brisbane;2026;hard;3. Conservative Alternative;70,0;6;Alejandro Davidovich Fokina;5;32;12,6;41,38;3,28413;5,0;2.0;;False;Raphael Collignon;36,41;-4,97;ProTennisLive PDF;32;32;100,0;6;3;1;1842,4;1893,2;1934,8;23,0;0,6666666666666666;0,5;1,0;0,4681163924995057;183,0;115,0;0,0;0,0;-0,041647238955936;0,0301320898051595;;;;;;;alejandro davidovich fokina
2026_Brisbane_20260710_142216;2026-07-10 14:22:16;V16.4;Brisbane;2026;hard;3. Conservative Alternative;70,0;6;Jiri Lehecka;6;9;10,8;37,65;3,48611;8,0;3.0;;False;Kamil Majchrzak;33,23;-4,42;ProTennisLive PDF;32;32;100,0;6;3;1;1882,1;1921,6;1989,9;14,0;0,5;0,3333333333333333;1,0;0,1416133693651539;190,0;115,0;0,0;0,0;0,0137899110992713;-0,0189619513204874;;;;;;;jiri lehecka
2026_Bastad_20260711_155303;2026-07-11 15:53:03;V16.4;Bastad;2026;clay;1. Optimized Team;60,3;6;Nuno Borges;1;25;5,8;54,93;9,47069;1,0;5.0;;False;Adolfo Daniel Vallejo;37,07;-17,86;ProTennisLive PDF;28;23;82,143;0;3;0;1725,9;1769,0;1843,6;48,0;0,5833333333333334;0,6666666666666666;0,25;1,031925398093039;853,0;165,0;0,0499999999999999;0,0;-0,0165081414606644;0,0206771794178779;;;;;;;nuno borges
2026_Bastad_20260711_155303;2026-07-11 15:53:03;V16.4;Bastad;2026;clay;1. Optimized Team;60,3;6;Andrey Rublev;2;1;14,2;53,09;3,73873;2,0;1.0;;False;Jesper De Jong;40,58;-12,51;ProTennisLive PDF;28;23;82,143;0;3;0;1872,4;1902,2;2122,1;13,0;0,5;0,7142857142857143;0,7777777777777778;0,4614933343748336;305,0;165,0;-0,15;0,0;-0,0331213347726557;0,0426922320716547;;;;;;;andrey rublev
2026_Bastad_20260711_155303;2026-07-11 15:53:03;V16.4;Bastad;2026;clay;1. Optimized Team;60,3;6;Mariano Navone;3;24;3,6;51,69;14,35833;3,0;4.0;;False;Facundo Diaz Acosta;26,97;-24,72;ProTennisLive PDF;28;23;82,143;0;3;0;1800,1;1822,2;1875,9;38,0;0,5833333333333334;0,625;0,8;0,6153658574204269;380,0;164,0;-0,15;0,0;-0,108407498001398;0,1016963357411617;;;;;;;mariano navone
2026_Bastad_20260711_155303;2026-07-11 15:53:03;V16.4;Bastad;2026;clay;1. Optimized Team;60,3;6;Luciano Darderi;4;32;8,0;49,22;6,1525;4,0;2.0;;False;Thiago Agustin Tirante;38,97;-10,25;ProTennisLive PDF;28;23;82,143;0;3;0;1835,6;1834,5;1858,1;16,0;0,5833333333333334;0,625;0,7272727272727273;0,1399079186676333;344,0;176,0;-0,05;0,0;-0,0494157860390892;0,0481025148022894;;;;;;;luciano darderi
2026_Bastad_20260711_155303;2026-07-11 15:53:03;V16.4;Bastad;2026;clay;1. Optimized Team;60,3;6;Alejandro Tabilo;5;9;4,7;43,32;9,21702;5,0;3.0;;False;Botic Van De Zandschulp;33,98;-9,34;ProTennisLive PDF;28;23;82,143;0;3;0;1781,3;1819,3;1895,7;33,0;0,5;0,7142857142857143;0,7;0,0171009975548636;261,0;165,0;-0,15;0,0;-0,0113624865206274;0,0314103025154344;;;;;;;alejandro tabilo
2026_Bastad_20260711_155303;2026-07-11 15:53:03;V16.4;Bastad;2026;clay;1. Optimized Team;60,3;6;Sebastian Baez;6;8;3,4;42,86;12,60588;6,0;8.0;;False;Jan Choinski;25,49;-17,37;ProTennisLive PDF;28;23;82,143;0;3;0;1717,6;1758,9;1941,4;57,0;0,5833333333333334;0,6666666666666666;0,9;0,3252447325033581;177,0;145,0;-0,15;0,0;-0,0919649686103056;0,0604038120595885;;;;;;;sebastian baez
2026_Bastad_20260711_155303;2026-07-11 15:53:03;V16.4;Bastad;2026;clay;2. Aggressive Alternative;60,3;6;Nuno Borges;1;25;5,8;54,93;9,47069;1,0;5.0;;False;Thiago Agustin Tirante;38,97;-15,96;ProTennisLive PDF;28;23;82,143;0;3;0;1725,9;1769,0;1843,6;48,0;0,5833333333333334;0,6666666666666666;0,25;1,031925398093039;853,0;165,0;0,0499999999999999;0,0;-0,0165081414606644;0,0206771794178779;;;;;;;nuno borges
2026_Bastad_20260711_155303;2026-07-11 15:53:03;V16.4;Bastad;2026;clay;2. Aggressive Alternative;60,3;6;Andrey Rublev;2;1;14,2;53,09;3,73873;2,0;1.0;;False;Adolfo Daniel Vallejo;37,07;-16,02;ProTennisLive PDF;28;23;82,143;0;3;0;1872,4;1902,2;2122,1;13,0;0,5;0,7142857142857143;0,7777777777777778;0,4614933343748336;305,0;165,0;-0,15;0,0;-0,0331213347726557;0,0426922320716547;;;;;;;andrey rublev
2026_Bastad_20260711_155303;2026-07-11 15:53:03;V16.4;Bastad;2026;clay;2. Aggressive Alternative;60,3;6;Mariano Navone;3;24;3,6;51,69;14,35833;3,0;4.0;;False;Facundo Diaz Acosta;26,97;-24,72;ProTennisLive PDF;28;23;82,143;0;3;0;1800,1;1822,2;1875,9;38,0;0,5833333333333334;0,625;0,8;0,6153658574204269;380,0;164,0;-0,15;0,0;-0,108407498001398;0,1016963357411617;;;;;;;mariano navone
2026_Bastad_20260711_155303;2026-07-11 15:53:03;V16.4;Bastad;2026;clay;2. Aggressive Alternative;60,3;6;Luciano Darderi;4;32;8,0;49,22;6,1525;4,0;2.0;;False;Alejandro Tabilo;43,32;-5,9;ProTennisLive PDF;28;23;82,143;0;3;0;1835,6;1834,5;1858,1;16,0;0,5833333333333334;0,625;0,7272727272727273;0,1399079186676333;344,0;176,0;-0,05;0,0;-0,0494157860390892;0,0481025148022894;;;;;;;luciano darderi
2026_Bastad_20260711_155303;2026-07-11 15:53:03;V16.4;Bastad;2026;clay;2. Aggressive Alternative;60,3;6;Sebastian Baez;5;8;3,4;42,86;12,60588;6,0;8.0;;False;Jan Choinski;25,49;-17,37;ProTennisLive PDF;28;23;82,143;0;3;0;1717,6;1758,9;1941,4;57,0;0,5833333333333334;0,6666666666666666;0,9;0,3252447325033581;177,0;145,0;-0,15;0,0;-0,0919649686103056;0,0604038120595885;;;;;;;sebastian baez
2026_Bastad_20260711_155303;2026-07-11 15:53:03;V16.4;Bastad;2026;clay;2. Aggressive Alternative;60,3;6;Jesper De Jong;6;5;2,0;40,58;20,29;7,0;;;False;Andrea Pellegrino;21,89;-18,69;ProTennisLive PDF;28;23;82,143;0;3;0;1695,6;1710,6;1741,0;73,0;0,75;0,7692307692307693;0,8666666666666667;0,8306074742891179;512,0;178,0;0,0;0,0;-0,0354477952656343;0,0506206469106271;;;;;;;jesper de jong
2026_Bastad_20260711_155303;2026-07-11 15:53:03;V16.4;Bastad;2026;clay;3. Conservative Alternative;60,3;6;Nuno Borges;1;25;5,8;54,93;9,47069;1,0;5.0;;False;Botic Van De Zandschulp;33,98;-20,95;ProTennisLive PDF;28;23;82,143;0;3;0;1725,9;1769,0;1843,6;48,0;0,5833333333333334;0,6666666666666666;0,25;1,031925398093039;853,0;165,0;0,0499999999999999;0,0;-0,0165081414606644;0,0206771794178779;;;;;;;nuno borges
2026_Bastad_20260711_155303;2026-07-11 15:53:03;V16.4;Bastad;2026;clay;3. Conservative Alternative;60,3;6;Andrey Rublev;2;1;14,2;53,09;3,73873;2,0;1.0;;False;Thiago Agustin Tirante;38,97;-14,12;ProTennisLive PDF;28;23;82,143;0;3;0;1872,4;1902,2;2122,1;13,0;0,5;0,7142857142857143;0,7777777777777778;0,4614933343748336;305,0;165,0;-0,15;0,0;-0,0331213347726557;0,0426922320716547;;;;;;;andrey rublev
2026_Bastad_20260711_155303;2026-07-11 15:53:03;V16.4;Bastad;2026;clay;3. Conservative Alternative;60,3;6;Mariano Navone;3;24;3,6;51,69;14,35833;3,0;4.0;;False;Facundo Diaz Acosta;26,97;-24,72;ProTennisLive PDF;28;23;82,143;0;3;0;1800,1;1822,2;1875,9;38,0;0,5833333333333334;0,625;0,8;0,6153658574204269;380,0;164,0;-0,15;0,0;-0,108407498001398;0,1016963357411617;;;;;;;mariano navone
2026_Bastad_20260711_155303;2026-07-11 15:53:03;V16.4;Bastad;2026;clay;3. Conservative Alternative;60,3;6;Luciano Darderi;4;32;8,0;49,22;6,1525;4,0;2.0;;False;Jesper De Jong;40,58;-8,64;ProTennisLive PDF;28;23;82,143;0;3;0;1835,6;1834,5;1858,1;16,0;0,5833333333333334;0,625;0,7272727272727273;0,1399079186676333;344,0;176,0;-0,05;0,0;-0,0494157860390892;0,0481025148022894;;;;;;;luciano darderi
2026_Bastad_20260711_155303;2026-07-11 15:53:03;V16.4;Bastad;2026;clay;3. Conservative Alternative;60,3;6;Alejandro Tabilo;5;9;4,7;43,32;9,21702;5,0;3.0;;False;Adolfo Daniel Vallejo;37,07;-6,25;ProTennisLive PDF;28;23;82,143;0;3;0;1781,3;1819,3;1895,7;33,0;0,5;0,7142857142857143;0,7;0,0171009975548636;261,0;165,0;-0,15;0,0;-0,0113624865206274;0,0314103025154344;;;;;;;alejandro tabilo
2026_Bastad_20260711_155303;2026-07-11 15:53:03;V16.4;Bastad;2026;clay;3. Conservative Alternative;60,3;6;Sebastian Baez;6;8;3,4;42,86;12,60588;6,0;8.0;;False;Jan Choinski;25,49;-17,37;ProTennisLive PDF;28;23;82,143;0;3;0;1717,6;1758,9;1941,4;57,0;0,5833333333333334;0,6666666666666666;0,9;0,3252447325033581;177,0;145,0;-0,15;0,0;-0,0919649686103056;0,0604038120595885;;;;;;;sebastian baez
2026_Gstaad_20260711_155415;2026-07-11 15:54:15;V16.4;Gstaad;2026;clay;1. Optimized Team;60,3;6;Raphael Collignon;1;17;3,0;53,15;17,71667;1,0;7.0;;False;Jaime Faria;24,79;-28,36;ProTennisLive PDF;28;23;82,143;0;3;0;1813,2;1893,5;1924,1;43,0;0,5833333333333334;0,7;0,5882352941176471;0,2862969920904589;664,0;143,0;-0,15;0,0;0,0035324184602834;0,0476596285927375;;;;;;;raphael collignon
2026_Gstaad_20260711_155415;2026-07-11 15:54:15;V16.4;Gstaad;2026;clay;1. Optimized Team;60,3;6;Alexander Bublik;2;1;12,0;53,06;4,42167;2,0;1.0;;False;Arthur Rinderknech;33,34;-19,72;ProTennisLive PDF;28;23;82,143;0;3;0;1822,4;1889,2;1988,6;11,0;0,5833333333333334;0,5;0,3333333333333333;2,112763955818069;1007,0;160,0;0,075;0,0;0,0003507582940418;-0,0081596820202276;;;;;;;alexander bublik
2026_Gstaad_20260711_155415;2026-07-11 15:54:15;V16.4;Gstaad;2026;clay;1. Optimized Team;60,3;6;Casper Ruud;3;32;17,8;51,91;2,91629;3,0;2.0;;False;Ignacio Buse;39,64;-12,27;ProTennisLive PDF;28;23;82,143;0;3;0;1973,0;1983,1;2071,9;12,0;0,6666666666666666;0,75;0,9230769230769232;-0,1118383467067438;121,0;170,0;-0,15;0,0;-0,0114914994970231;0,0569590531180454;;;;;;;casper ruud
2026_Gstaad_20260711_155415;2026-07-11 15:54:15;V16.4;Gstaad;2026;clay;1. Optimized Team;60,3;6;Juan Manuel Cerundolo;4;25;4,8;50,2;10,45833;4,0;6.0;;False;Yannick Hanfmann;28,86;-21,34;ProTennisLive PDF;28;23;82,143;0;3;0;1761,6;1790,4;1803,9;42,0;0,75;0,8888888888888888;0,6923076923076923;0,2458644939802932;450,0;183,0;0,0;0,0;-0,0342215003885645;0,0557306781268914;;;;;;;juan manuel cerundolo
2026_Gstaad_20260711_155415;2026-07-11 15:54:15;V16.4;Gstaad;2026;clay;1. Optimized Team;60,3;6;Valentin Vacherot;5;24;6,5;46,73;7,18923;5,0;3.0;;False;Miomir Kecmanovic;30,41;-16,32;ProTennisLive PDF;28;23;82,143;0;3;0;1788,8;1902,6;1929,6;20,0;0,6363636363636364;0,5;1,0;-0,3;0,0;131,0;0,0;0,0;0,0057553947207785;0,0311671641631093;;;;;;;valentin vacherot
2026_Gstaad_20260711_155415;2026-07-11 15:54:15;V16.4;Gstaad;2026;clay;1. Optimized Team;60,3;6;Jaume Munar;6;8;4,6;42,45;9,22826;6,0;8.0;;False;Lorenzo Sonego;25,7;-16,75;ProTennisLive PDF;28;23;82,143;0;3;0;1705,6;1765,8;1830,4;44,0;0,5;0,5714285714285714;0,5833333333333334;1,483815395482718;531,0;150,0;0,0;0,0;-0,0418589648849729;0,0340427919670741;;;;;;;jaume munar
2026_Gstaad_20260711_155415;2026-07-11 15:54:15;V16.4;Gstaad;2026;clay;2. Aggressive Alternative;60,3;6;Raphael Collignon;1;17;3,0;53,15;17,71667;1,0;7.0;;False;Jurij Rodionov;14,82;-38,33;ProTennisLive PDF;28;23;82,143;0;3;0;1813,2;1893,5;1924,1;43,0;0,5833333333333334;0,7;0,5882352941176471;0,2862969920904589;664,0;143,0;-0,15;0,0;0,0035324184602834;0,0476596285927375;;;;;;;raphael collignon
2026_Gstaad_20260711_155415;2026-07-11 15:54:15;V16.4;Gstaad;2026;clay;2. Aggressive Alternative;60,3;6;Alexander Bublik;2;1;12,0;53,06;4,42167;2,0;1.0;;False;Yannick Hanfmann;28,86;-24,2;ProTennisLive PDF;28;23;82,143;0;3;0;1822,4;1889,2;1988,6;11,0;0,5833333333333334;0,5;0,3333333333333333;2,112763955818069;1007,0;160,0;0,075;0,0;0,0003507582940418;-0,0081596820202276;;;;;;;alexander bublik
2026_Gstaad_20260711_155415;2026-07-11 15:54:15;V16.4;Gstaad;2026;clay;2. Aggressive Alternative;60,3;6;Casper Ruud;3;32;17,8;51,91;2,91629;3,0;2.0;;False;Ignacio Buse;39,64;-12,27;ProTennisLive PDF;28;23;82,143;0;3;0;1973,0;1983,1;2071,9;12,0;0,6666666666666666;0,75;0,9230769230769232;-0,1118383467067438;121,0;170,0;-0,15;0,0;-0,0114914994970231;0,0569590531180454;;;;;;;casper ruud
2026_Gstaad_20260711_155415;2026-07-11 15:54:15;V16.4;Gstaad;2026;clay;2. Aggressive Alternative;60,3;6;Juan Manuel Cerundolo;4;25;4,8;50,2;10,45833;4,0;6.0;;False;Miomir Kecmanovic;30,41;-19,79;ProTennisLive PDF;28;23;82,143;0;3;0;1761,6;1790,4;1803,9;42,0;0,75;0,8888888888888888;0,6923076923076923;0,2458644939802932;450,0;183,0;0,0;0,0;-0,0342215003885645;0,0557306781268914;;;;;;;juan manuel cerundolo
2026_Gstaad_20260711_155415;2026-07-11 15:54:15;V16.4;Gstaad;2026;clay;2. Aggressive Alternative;60,3;6;Valentin Vacherot;5;24;6,5;46,73;7,18923;5,0;3.0;;False;Arthur Rinderknech;33,34;-13,39;ProTennisLive PDF;28;23;82,143;0;3;0;1788,8;1902,6;1929,6;20,0;0,6363636363636364;0,5;1,0;-0,3;0,0;131,0;0,0;0,0;0,0057553947207785;0,0311671641631093;;;;;;;valentin vacherot
2026_Gstaad_20260711_155415;2026-07-11 15:54:15;V16.4;Gstaad;2026;clay;2. Aggressive Alternative;60,3;6;Jaume Munar;6;8;4,6;42,45;9,22826;6,0;8.0;;False;Jaime Faria;24,79;-17,66;ProTennisLive PDF;28;23;82,143;0;3;0;1705,6;1765,8;1830,4;44,0;0,5;0,5714285714285714;0,5833333333333334;1,483815395482718;531,0;150,0;0,0;0,0;-0,0418589648849729;0,0340427919670741;;;;;;;jaume munar
2026_Gstaad_20260711_155415;2026-07-11 15:54:15;V16.4;Gstaad;2026;clay;3. Conservative Alternative;60,3;6;Raphael Collignon;1;17;3,0;53,15;17,71667;1,0;7.0;;False;Jaime Faria;24,79;-28,36;ProTennisLive PDF;28;23;82,143;0;3;0;1813,2;1893,5;1924,1;43,0;0,5833333333333334;0,7;0,5882352941176471;0,2862969920904589;664,0;143,0;-0,15;0,0;0,0035324184602834;0,0476596285927375;;;;;;;raphael collignon
2026_Gstaad_20260711_155415;2026-07-11 15:54:15;V16.4;Gstaad;2026;clay;3. Conservative Alternative;60,3;6;Alexander Bublik;2;1;12,0;53,06;4,42167;2,0;1.0;;False;Arthur Rinderknech;33,34;-19,72;ProTennisLive PDF;28;23;82,143;0;3;0;1822,4;1889,2;1988,6;11,0;0,5833333333333334;0,5;0,3333333333333333;2,112763955818069;1007,0;160,0;0,075;0,0;0,0003507582940418;-0,0081596820202276;;;;;;;alexander bublik
2026_Gstaad_20260711_155415;2026-07-11 15:54:15;V16.4;Gstaad;2026;clay;3. Conservative Alternative;60,3;6;Casper Ruud;3;32;17,8;51,91;2,91629;3,0;2.0;;False;Ignacio Buse;39,64;-12,27;ProTennisLive PDF;28;23;82,143;0;3;0;1973,0;1983,1;2071,9;12,0;0,6666666666666666;0,75;0,9230769230769232;-0,1118383467067438;121,0;170,0;-0,15;0,0;-0,0114914994970231;0,0569590531180454;;;;;;;casper ruud
2026_Gstaad_20260711_155415;2026-07-11 15:54:15;V16.4;Gstaad;2026;clay;3. Conservative Alternative;60,3;6;Juan Manuel Cerundolo;4;25;4,8;50,2;10,45833;4,0;6.0;;False;Yannick Hanfmann;28,86;-21,34;ProTennisLive PDF;28;23;82,143;0;3;0;1761,6;1790,4;1803,9;42,0;0,75;0,8888888888888888;0,6923076923076923;0,2458644939802932;450,0;183,0;0,0;0,0;-0,0342215003885645;0,0557306781268914;;;;;;;juan manuel cerundolo
2026_Gstaad_20260711_155415;2026-07-11 15:54:15;V16.4;Gstaad;2026;clay;3. Conservative Alternative;60,3;6;Valentin Vacherot;5;24;6,5;46,73;7,18923;5,0;3.0;;False;Miomir Kecmanovic;30,41;-16,32;ProTennisLive PDF;28;23;82,143;0;3;0;1788,8;1902,6;1929,6;20,0;0,6363636363636364;0,5;1,0;-0,3;0,0;131,0;0,0;0,0;0,0057553947207785;0,0311671641631093;;;;;;;valentin vacherot
2026_Gstaad_20260711_155415;2026-07-11 15:54:15;V16.4;Gstaad;2026;clay;3. Conservative Alternative;60,3;6;Jaume Munar;6;8;4,6;42,45;9,22826;6,0;8.0;;False;Lorenzo Sonego;25,7;-16,75;ProTennisLive PDF;28;23;82,143;0;3;0;1705,6;1765,8;1830,4;44,0;0,5;0,5714285714285714;0,5833333333333334;1,483815395482718;531,0;150,0;0,0;0,0;-0,0418589648849729;0,0340427919670741;;;;;;;jaume munar
2026_Umag_20260711_215315;2026-07-11 21:53:15;V16.4;Umag;2026;clay;1. Optimized Team;45,3;6;Alexander Blockx;1;16;4,7;63,66;13,54468;1,0;5.0;;False;Camilo Ugo Carabelli;31,72;-31,94;ProTennisLive PDF;28;22;78,571;0;3;0;1867,9;1905,5;1907,2;36,0;0,6666666666666666;0,5;0,6666666666666666;0,3516666666666666;181,0;174,0;-0,15;0,0;0,0128010350126991;0,0148007358039633;;;;;;;alexander blockx
2026_Umag_20260711_215315;2026-07-11 21:53:15;V16.4;Umag;2026;clay;1. Optimized Team;45,3;6;Flavio Cobolli;2;1;11,7;57,19;4,88803;2,0;1.0;;False;Alex Molcan;32,86;-24,33;ProTennisLive PDF;28;22;78,571;0;3;0;1862,4;1896,3;1914,6;10,0;0,75;0,6666666666666666;0,6;3,399034334665254;994,0;332,0;0,09;0,0;-0,0252952879361649;0,0207345631079281;;;;;;;flavio cobolli
2026_Umag_20260711_215315;2026-07-11 21:53:15;V16.4;Umag;2026;clay;1. Optimized Team;45,3;6;Matteo Arnaldi;3;24;4,2;53,27;12,68333;3,0;4.0;;False;Luca Van Assche;28,72;-24,55;ProTennisLive PDF;28;22;78,571;0;3;0;1830,3;1829,7;1902,9;35,0;0,6666666666666666;0,8333333333333334;0,6;0,6617237774751923;512,0;276,0;0,0;0,0;-0,0652892825585862;0,0436492955105233;;;;;;;matteo arnaldi
2026_Umag_20260711_215315;2026-07-11 21:53:15;V16.4;Umag;2026;clay;1. Optimized Team;45,3;6;Alejandro Davidovich Fokina;4;32;12,6;50,82;4,03333;4,0;2.0;;False;Dino Prizmic;35,2;-15,62;ProTennisLive PDF;28;22;78,571;0;3;0;1813,0;1893,2;1934,8;23,0;0,75;0,4;0,2941176470588235;2,164834036622147;1295,0;256,0;0,1;0,0;-0,0329435598309011;0,02826597808151;;;;;;;alejandro davidovich fokina
2026_Umag_20260711_215315;2026-07-11 21:53:15;V16.4;Umag;2026;clay;1. Optimized Team;45,3;6;Pablo Carreno Busta;5;6;3,1;46,73;15,07419;5,0;;;False;Daniel Merida Aguilar;26,95;-19,78;ProTennisLive PDF;28;22;78,571;0;3;0;1766,6;1800,5;2005,1;71,0;0,6666666666666666;0,7142857142857143;0,7777777777777778;0,7218671460325383;341,0;197,0;0,0;0,0;-0,0652054624279839;0,0593461772494964;;;;;;;pablo carreno busta
2026_Umag_20260711_215315;2026-07-11 21:53:15;V16.4;Umag;2026;clay;1. Optimized Team;45,3;6;Fabian Marozsan;6;17;4,0;39,98;9,995;6,0;6.0;;False;Henrique Rocha;28,62;-11,36;ProTennisLive PDF;28;22;78,571;0;3;0;1715,7;1784,3;1867,2;53,0;0,4166666666666667;0,0;0,1;0,6624498594745108;818,0;245,0;0,0499999999999999;0,0;-0,0377199606924604;0,0022520117207183;;;;;;;fabian marozsan
2026_Umag_20260711_215315;2026-07-11 21:53:15;V16.4;Umag;2026;clay;2. Aggressive Alternative;45,3;6;Alexander Blockx;1;16;4,7;63,66;13,54468;1,0;5.0;;False;Dino Prizmic;35,2;-28,46;ProTennisLive PDF;28;22;78,571;0;3;0;1867,9;1905,5;1907,2;36,0;0,6666666666666666;0,5;0,6666666666666666;0,3516666666666666;181,0;174,0;-0,15;0,0;0,0128010350126991;0,0148007358039633;;;;;;;alexander blockx
2026_Umag_20260711_215315;2026-07-11 21:53:15;V16.4;Umag;2026;clay;2. Aggressive Alternative;45,3;6;Flavio Cobolli;2;1;11,7;57,19;4,88803;2,0;1.0;;False;Henrique Rocha;28,62;-28,57;ProTennisLive PDF;28;22;78,571;0;3;0;1862,4;1896,3;1914,6;10,0;0,75;0,6666666666666666;0,6;3,399034334665254;994,0;332,0;0,09;0,0;-0,0252952879361649;0,0207345631079281;;;;;;;flavio cobolli
2026_Umag_20260711_215315;2026-07-11 21:53:15;V16.4;Umag;2026;clay;2. Aggressive Alternative;45,3;6;Matteo Arnaldi;3;24;4,2;53,27;12,68333;3,0;4.0;;False;Daniel Merida Aguilar;26,95;-26,32;ProTennisLive PDF;28;22;78,571;0;3;0;1830,3;1829,7;1902,9;35,0;0,6666666666666666;0,8333333333333334;0,6;0,6617237774751923;512,0;276,0;0,0;0,0;-0,0652892825585862;0,0436492955105233;;;;;;;matteo arnaldi
2026_Umag_20260711_215315;2026-07-11 21:53:15;V16.4;Umag;2026;clay;2. Aggressive Alternative;45,3;6;Alejandro Davidovich Fokina;4;32;12,6;50,82;4,03333;4,0;2.0;;False;Luca Van Assche;28,72;-22,1;ProTennisLive PDF;28;22;78,571;0;3;0;1813,0;1893,2;1934,8;23,0;0,75;0,4;0,2941176470588235;2,164834036622147;1295,0;256,0;0,1;0,0;-0,0329435598309011;0,02826597808151;;;;;;;alejandro davidovich fokina
2026_Umag_20260711_215315;2026-07-11 21:53:15;V16.4;Umag;2026;clay;2. Aggressive Alternative;45,3;6;Pablo Carreno Busta;5;6;3,1;46,73;15,07419;5,0;;;False;Roman Andres Burruchaga;20,45;-26,28;ProTennisLive PDF;28;22;78,571;0;3;0;1766,6;1800,5;2005,1;71,0;0,6666666666666666;0,7142857142857143;0,7777777777777778;0,7218671460325383;341,0;197,0;0,0;0,0;-0,0652054624279839;0,0593461772494964;;;;;;;pablo carreno busta
2026_Umag_20260711_215315;2026-07-11 21:53:15;V16.4;Umag;2026;clay;2. Aggressive Alternative;45,3;6;Fabian Marozsan;6;17;4,0;39,98;9,995;6,0;6.0;;False;Alex Molcan;32,86;-7,12;ProTennisLive PDF;28;22;78,571;0;3;0;1715,7;1784,3;1867,2;53,0;0,4166666666666667;0,0;0,1;0,6624498594745108;818,0;245,0;0,0499999999999999;0,0;-0,0377199606924604;0,0022520117207183;;;;;;;fabian marozsan
2026_Umag_20260711_215315;2026-07-11 21:53:15;V16.4;Umag;2026;clay;3. Conservative Alternative;45,3;6;Alexander Blockx;1;16;4,7;63,66;13,54468;1,0;5.0;;False;Alex Molcan;32,86;-30,8;ProTennisLive PDF;28;22;78,571;0;3;0;1867,9;1905,5;1907,2;36,0;0,6666666666666666;0,5;0,6666666666666666;0,3516666666666666;181,0;174,0;-0,15;0,0;0,0128010350126991;0,0148007358039633;;;;;;;alexander blockx
2026_Umag_20260711_215315;2026-07-11 21:53:15;V16.4;Umag;2026;clay;3. Conservative Alternative;45,3;6;Flavio Cobolli;2;1;11,7;57,19;4,88803;2,0;1.0;;False;Dino Prizmic;35,2;-21,99;ProTennisLive PDF;28;22;78,571;0;3;0;1862,4;1896,3;1914,6;10,0;0,75;0,6666666666666666;0,6;3,399034334665254;994,0;332,0;0,09;0,0;-0,0252952879361649;0,0207345631079281;;;;;;;flavio cobolli
2026_Umag_20260711_215315;2026-07-11 21:53:15;V16.4;Umag;2026;clay;3. Conservative Alternative;45,3;6;Matteo Arnaldi;3;24;4,2;53,27;12,68333;3,0;4.0;;False;Luca Van Assche;28,72;-24,55;ProTennisLive PDF;28;22;78,571;0;3;0;1830,3;1829,7;1902,9;35,0;0,6666666666666666;0,8333333333333334;0,6;0,6617237774751923;512,0;276,0;0,0;0,0;-0,0652892825585862;0,0436492955105233;;;;;;;matteo arnaldi
2026_Umag_20260711_215315;2026-07-11 21:53:15;V16.4;Umag;2026;clay;3. Conservative Alternative;45,3;6;Alejandro Davidovich Fokina;4;32;12,6;50,82;4,03333;4,0;2.0;;False;Camilo Ugo Carabelli;31,72;-19,1;ProTennisLive PDF;28;22;78,571;0;3;0;1813,0;1893,2;1934,8;23,0;0,75;0,4;0,2941176470588235;2,164834036622147;1295,0;256,0;0,1;0,0;-0,0329435598309011;0,02826597808151;;;;;;;alejandro davidovich fokina
2026_Umag_20260711_215315;2026-07-11 21:53:15;V16.4;Umag;2026;clay;3. Conservative Alternative;45,3;6;Pablo Carreno Busta;5;6;3,1;46,73;15,07419;5,0;;;False;Daniel Merida Aguilar;26,95;-19,78;ProTennisLive PDF;28;22;78,571;0;3;0;1766,6;1800,5;2005,1;71,0;0,6666666666666666;0,7142857142857143;0,7777777777777778;0,7218671460325383;341,0;197,0;0,0;0,0;-0,0652054624279839;0,0593461772494964;;;;;;;pablo carreno busta
2026_Umag_20260711_215315;2026-07-11 21:53:15;V16.4;Umag;2026;clay;3. Conservative Alternative;45,3;6;Fabian Marozsan;6;17;4,0;39,98;9,995;6,0;6.0;;False;Henrique Rocha;28,62;-11,36;ProTennisLive PDF;28;22;78,571;0;3;0;1715,7;1784,3;1867,2;53,0;0,4166666666666667;0,0;0,1;0,6624498594745108;818,0;245,0;0,0499999999999999;0,0;-0,0377199606924604;0,0022520117207183;;;;;;;fabian marozsan
