player;credits;expected_points;rank_v13;seed;entry;ioc;real_draw_size;draw_size;bracket_size;r1_match;overall_elo;selected_surface_elo;peak_elo;recent_form;surface_form_60d;same_surface_ratio_60d;fatigue_load;minutes_30d;qualifier_momentum_raw;local_home_raw;matches_in_db;player_norm;actual_matches_in_tournament;actual_wins;actual_points
Daniil Medvedev;15,9;77,06;1;1,0;;;64;64;64;1;1949,6;1934,1;2201,2;0,5833333333333334;0,3333333333333333;0,5;1,1527308359938178;376,0;-0,05;0,0;329;daniil medvedev;44;0;0,0
Roman Safiullin;2,1;54,41;2;;;;64;64;64;19;1807,2;1736,8;1911,3;0,8333333333333334;0,6666666666666666;0,3;0,5595462606521618;269,0;0,0499999999999999;0,0;255;roman safiullin;44;0;0,0
Raphael Collignon;2,3;46,78;3;5,0;;BEL;64;64;64;25;1844,7;1785,5;1924,1;0,4166666666666667;0,0;0,2;0,1049715528151503;185,0;-0,15;0,0;183;raphael collignon;44;0;0,0
Mariano Navone;4,1;46,11;4;6,0;;ARG;64;64;64;8;1820,6;1730,0;1875,9;0,4166666666666667;0,6;0,4545454545454545;0,7603815868837428;732,0;0,0299999999999999;0,0;262;mariano navone;44;0;0,0
Arthur Fery;2,0;45,63;5;4,0;;GBR;64;64;64;9;1811,1;1733,8;1822,7;0,6666666666666666;0,5;0,2;1,0027335700764688;294,0;0,0;0,0;115;arthur fery;44;3;75,0
Luca Van Assche;1,0;45,06;6;11,0;;FRA;64;64;64;13;1789,6;1744,1;1801,5;0,8333333333333334;0,75;0,5;2,983499104495424;1566,0;0,1;0,0;304;luca van assche;44;0;0,0
Stefanos Tsitsipas;7,4;44,71;7;7,0;;GRE;64;64;64;16;1860,8;1813,0;2145,1;0,6666666666666666;0,5;0,4285714285714285;0,663929625758047;598,0;0,0299999999999999;0,0;311;stefanos tsitsipas;44;1;25,0
Tomas Machac;6,6;40,45;8;14,0;;CZE;64;64;64;12;1851,4;1813,0;1972,7;0,3333333333333333;0,0;1,0;-0,0602107630430351;73,0;-0,15;0,0;267;tomas machac;44;0;0,0
Pablo Carreno Busta;3,4;39,78;9;;;ESP;64;64;64;30;1782,8;1730,3;2005,1;0,5;0,3333333333333333;0,3333333333333333;0,460229778831089;432,0;-0,05;0,0;204;pablo carreno busta;44;0;0,0
Luciano Darderi;7,8;35,05;10;2,0;;ITA;64;64;64;32;1826,3;1698,6;1858,1;0,5833333333333334;0,5;0,375;0,7637917978445834;869,0;0,0299999999999999;0,0;312;luciano darderi;44;1;25,0
Lorenzo Sonego;4,7;34,12;11;;;ITA;64;64;64;6;1731,0;1703,3;1895,3;0,4166666666666667;0,3333333333333333;0,3;0,3842743039742353;273,0;-0,05;0,0;261;lorenzo sonego;44;2;50,0
Yibing Wu;1,9;34,1;12;;ALT;CHN;64;64;64;22;1697,0;1699,4;1882,9;0,3333333333333333;0,5;0,5714285714285714;0,1792748995739177;219,0;0,0;0,0;153;yibing wu;44;0;0,0
Kamil Majchrzak;3,1;33,24;13;;;POL;64;64;64;27;1781,9;1720,8;1813,4;0,5833333333333334;0,25;0,6666666666666666;0,2553815962929767;408,0;-0,15;0,0;192;kamil majchrzak;44;0;0,0
Miomir Kecmanovic;4,7;32,29;14;;;SRB;64;64;64;3;1757,3;1703,3;1900,6;0,4166666666666667;0,5;0,3636363636363636;0,6229548897387307;546,0;0,0;0,0;283;miomir kecmanovic;44;1;25,0
Quentin Halys;3,4;31,98;15;12,0;;FRA;64;64;64;28;1792,6;1732,2;1811,4;0,8333333333333334;0,75;0,2352941176470588;0,9935676536140762;829,0;0,075;0,0;308;quentin halys;44;0;0,0
Juan Manuel Cerundolo;5,1;31,74;16;8,0;;ARG;64;64;64;17;1806,6;1707,2;1813,6;0,5;0,6;0,3571428571428571;1,3627136158659567;518,0;0,0299999999999999;0,0;305;juan manuel cerundolo;44;2;50,0
Sebastian Baez;3,6;31,65;17;10,0;;ARG;64;64;64;20;1780,3;1737,4;1941,4;0,5833333333333334;0,625;0,5333333333333333;1,5337310485836388;969,0;0,0499999999999999;0,0;286;sebastian baez;44;1;25,0
Ignacio Buse;4,3;30,02;18;3,0;;;64;64;64;24;1767,1;1618,6;1844,9;0,4166666666666667;0,0;0,2;0,2496206515942585;376,0;-0,15;0,0;158;ignacio buse;44;3;75,0
Botic Van De Zandschulp;5,2;28,41;19;13,0;;NED;64;64;64;29;1761,9;1739,4;1938,0;0,5;0,6666666666666666;0,5454545454545454;1,2844564616154557;685,0;0,0499999999999999;0,0;283;botic van de zandschulp;44;2;50,0
Rinky Hijikata;3,0;27,8;20;;;AUS;64;64;64;26;1737,1;1691,3;1756,7;0,5;0,3333333333333333;0,8571428571428571;1,4646295047289788;877,0;-0,0299999999999999;0,0;321;rinky hijikata;44;2;50,0
Marcos Giron;2,1;27,0;21;;;USA;64;64;64;18;1712,9;1682,7;1874,1;0,5;0,5;0,5;0,3368640263496314;598,0;-0,05;0,0;270;marcos giron;44;0;0,0
Adam Walton;3,6;26,87;22;;;AUS;64;64;64;23;1718,7;1669,8;1747,1;0,5833333333333334;0,5555555555555556;0,4736842105263157;1,0650554846755007;698,0;0,0299999999999999;0,0;257;adam walton;44;1;25,0
Jenson Brooksby;3,9;25,49;23;;;USA;64;64;64;15;1719,6;1688,1;2005,3;0,5;0,5;0,5454545454545454;0,3968167933063181;560,0;-0,075;0,0;139;jenson brooksby;44;1;25,0
Daniel Altmaier;4,4;21,34;24;16,0;;GER;64;64;64;21;1733,6;1660,4;1789,1;0,4166666666666667;0,5;0,3636363636363636;0,6583266744831083;615,0;0,0;0,0;301;daniel altmaier;44;1;25,0
Fabian Marozsan;4,0;21,28;25;15,0;;HUN;64;64;64;4;1765,7;1719,6;1867,2;0,5;0,3333333333333333;0,3333333333333333;0,3170624304783479;324,0;-0,05;0,0;248;fabian marozsan;44;2;50,0
James Duckworth;1,0;21,17;26;;;AUS;64;64;64;7;1646,7;1607,2;1785,9;0,4166666666666667;0,5;0,6666666666666666;1,1379745859048276;667,0;0,0;0,0;312;james duckworth;44;4;100,0
Jan Choinski;1,0;20,97;27;;;GBR;64;64;64;11;1714,3;1570,5;1740,3;0,75;0,0;0,1;1,0237119369494807;657,0;-0,15;0,0;265;jan choinski;44;0;0,0
Martin Damm;1,0;18,89;28;;WC;USA;64;64;64;2;1695,7;1645,5;1767,9;0,5;0,5;0,75;0,3141954239280943;595,0;0,0;0,0;137;martin damm;44;2;50,0
Mattia Bellucci;3,2;18,5;29;;;ITA;64;64;64;31;1715,7;1673,0;1814,3;0,5;0,3333333333333333;0,75;0,9395636715906092;375,0;-0,05;0,0;265;mattia bellucci;44;1;25,0
Cruz Hewitt;1,0;16,56;30;;WC;AUS;64;64;64;10;1505,5;1483,4;1510,5;0,75;0,75;1,0;-0,133176935990971;264,0;0,05;0,0;16;cruz hewitt;44;1;25,0
Adrian Mannarino;2,2;16,12;31;9,0;;FRA;64;64;64;5;1671,7;1644,3;1896,3;0,3333333333333333;0,25;0,4444444444444444;0,2097559653968524;387,0;-0,15;0,0;296;adrian mannarino;44;0;0,0
Martin Landaluce;3,7;14,68;32;;WC;ESP;64;64;64;31;1706,6;1663,0;1764,1;0,4166666666666667;0,4;0,7142857142857143;1,4019965141809467;663,0;0,05;0,0;190;martin landaluce;44;0;0,0
Jesper De Jong;2,0;13,22;34;;;NED;64;64;64;23;1691,1;1604,8;1741,0;0,5;0,5;0,4444444444444444;0,6237544115091473;310,0;0,0;0,0;281;jesper de jong;44;0;0,0
Aleksandar Kovacevic;2,9;13,17;35;;;USA;64;64;64;14;1628,1;1604,4;1758,8;0,1666666666666666;0,25;0,6666666666666666;0,5995074486856796;452,0;-0,05;0,0;297;aleksandar kovacevic;44;3;75,0
Francisco Comesana;2,7;9,49;37;;;ARG;64;64;64;22;1642,4;1587,7;1761,9;0,5;0,0;0,3333333333333333;0,4404564553387962;256,0;-0,15;0,0;258;francisco comesana;44;1;25,0
Quinn Vandecasteele;1,0;9,08;38;;Q;USA;64;64;64;7;1403,4;1387,6;1424,3;0,3333333333333333;0,5;1,0;-0,0014294427082215;192,0;0,35;0,0;22;quinn vandecasteele;44;0;0,0
Pierre Hugues Herbert;1,0;8,75;39;;LL;FRA;64;64;64;6;1571,4;1558,8;1867,9;0,5;0,0;0,0;-0,3;0,0;-0,2;0,0;207;pierre hugues herbert;44;0;0,0
Mees Rottgering;1,0;8,49;40;;Q;NED;64;64;64;11;1492,5;1461,4;1511,3;0,4285714285714285;0,5;1,0;-0,0060946076659056;189,0;0,35;0,0;25;mees rottgering;44;2;50,0
Dhakshineswar Suresh;1,0;8,05;42;;LL;IND;64;64;64;18;1619,4;1587,0;1653,4;0,6;0,6;1,0;-0,0543013122286407;158,0;-0,2;0,0;29;dhakshineswar suresh;44;1;25,0
Benjamin Bonzi;1,4;7,1;43;;;FRA;64;64;64;27;1708,2;1671,0;1835,8;0,5;0,5;0,8888888888888888;1,5046156096319296;965,0;-0,0299999999999999;0,0;283;benjamin bonzi;44;4;100,0
Adolfo Daniel Vallejo;1,8;6,69;44;;;;64;64;64;30;1719,3;1561,4;1780,4;0,5;0,4;0,3571428571428571;0,7578133349850668;449,0;-0,0299999999999999;0,0;183;adolfo daniel vallejo;44;1;25,0
Giovanni Mpetshi Perricard;1,3;6,37;45;;;FRA;64;64;64;15;1689,4;1629,1;1862,8;0,3333333333333333;0,0;0,6666666666666666;0,0500000157396666;200,0;-0,15;0,0;202;giovanni mpetshi perricard;44;0;0,0
Sho Shimabukuro;1,7;5,47;46;;;JPN;64;64;64;3;1635,7;1575,8;1692,5;0,4166666666666667;0,3333333333333333;0,8571428571428571;0,5801145934422225;599,0;-0,0299999999999999;0,0;242;sho shimabukuro;44;0;0,0
Darwin Blanch;1,0;3,95;47;;WC;USA;64;64;64;26;1463,7;1403,4;1610,4;0,25;0,0;0,5;0,2637544146904892;224,0;-0,0999999999999999;0,0;79;darwin blanch;44;0;0,0
Hugo Grenier;1,0;1,93;48;;LL;FRA;64;64;64;19;1531,1;1508,7;1734,0;0,1666666666666666;0,5;0,6666666666666666;-0,3;0,0;-0,2;0,0;270;hugo grenier;44;1;25,0
BYE;0,0;0,0;49;;;;64;64;64;1;0,0;0,0;0,0;0,0;0,0;0,0;0,0;0,0;0,0;0,0;0;bye;44;0;0,0
BYE;0,0;0,0;49;;;;64;64;64;4;0,0;0,0;0,0;0,0;0,0;0,0;0,0;0,0;0,0;0,0;0;bye;44;0;0,0
BYE;0,0;0,0;49;;;;64;64;64;5;0,0;0,0;0,0;0,0;0,0;0,0;0,0;0,0;0,0;0,0;0;bye;44;0;0,0
BYE;0,0;0,0;49;;;;64;64;64;8;0,0;0,0;0,0;0,0;0,0;0,0;0,0;0,0;0,0;0,0;0;bye;44;0;0,0
BYE;0,0;0,0;49;;;;64;64;64;9;0,0;0,0;0,0;0,0;0,0;0,0;0,0;0,0;0,0;0,0;0;bye;44;0;0,0
BYE;0,0;0,0;49;;;;64;64;64;12;0,0;0,0;0,0;0,0;0,0;0,0;0,0;0,0;0,0;0,0;0;bye;44;0;0,0
BYE;0,0;0,0;49;;;;64;64;64;13;0,0;0,0;0,0;0,0;0,0;0,0;0,0;0,0;0,0;0,0;0;bye;44;0;0,0
BYE;0,0;0,0;49;;;;64;64;64;16;0,0;0,0;0,0;0,0;0,0;0,0;0,0;0,0;0,0;0,0;0;bye;44;0;0,0
BYE;0,0;0,0;49;;;;64;64;64;17;0,0;0,0;0,0;0,0;0,0;0,0;0,0;0,0;0,0;0,0;0;bye;44;0;0,0
BYE;0,0;0,0;49;;;;64;64;64;20;0,0;0,0;0,0;0,0;0,0;0,0;0,0;0,0;0,0;0,0;0;bye;44;0;0,0
BYE;0,0;0,0;49;;;;64;64;64;21;0,0;0,0;0,0;0,0;0,0;0,0;0,0;0,0;0,0;0,0;0;bye;44;0;0,0
BYE;0,0;0,0;49;;;;64;64;64;24;0,0;0,0;0,0;0,0;0,0;0,0;0,0;0,0;0,0;0,0;0;bye;44;0;0,0
BYE;0,0;0,0;49;;;;64;64;64;25;0,0;0,0;0,0;0,0;0,0;0,0;0,0;0,0;0,0;0,0;0;bye;44;0;0,0
BYE;0,0;0,0;49;;;;64;64;64;28;0,0;0,0;0,0;0,0;0,0;0,0;0,0;0,0;0,0;0,0;0;bye;44;0;0,0
BYE;0,0;0,0;49;;;;64;64;64;29;0,0;0,0;0,0;0,0;0,0;0,0;0,0;0,0;0,0;0,0;0;bye;44;0;0,0
BYE;0,0;0,0;49;;;;64;64;64;32;0,0;0,0;0,0;0,0;0,0;0,0;0,0;0,0;0,0;0,0;0;bye;44;0;0,0
