player;credits;expected_points;rank_v13;seed;entry;ioc;real_draw_size;draw_size;bracket_size;r1_match;overall_elo;selected_surface_elo;peak_elo;recent_form;surface_form_60d;same_surface_ratio_60d;fatigue_load;minutes_30d;qualifier_momentum_raw;local_home_raw;matches_in_db;player_norm;actual_matches_in_tournament;actual_wins;actual_points;actual_best_round;tournament_category;minimum_target_round;minimum_target_reached;prediction_error;efficiency_ratio;performance_class;player_norm_eval
Carlos Alcaraz;31,3;83,88;1;1,0;;ESP;32;32;32;1;2146,8;2073,3;2308,5;0,8333333333333334;0,8333333333333334;1,0;0,9229926082248512;961,0;0,0499999999999999;0,0;256;carlos alcaraz;31;5;125,0;W;ATP500;SF;True;41,120000000000005;1,4902241297091083;Full success;carlos alcaraz
Rafael Jodar;8,6;57,92;2;4,0;;ESP;32;32;32;12;2014,5;1934,7;2051,1;0,6666666666666666;0,7142857142857143;0,9333333333333332;0,369921592562721;256,0;0,15;0,0;113;rafael jodar;31;0;0,0;R32;ATP500;SF;False;-57,92;0,0;Failure;rafael jodar
Frances Tiafoe;12,7;54,83;3;2,0;;USA;32;32;32;16;1934,2;1883,7;1974,0;0,8333333333333334;0,7857142857142857;1,0;0,5952168977078842;1160,0;0,0499999999999999;0,0;229;frances tiafoe;31;1;25,0;R16;ATP500;SF;False;-29,83;0,4559547692868868;Failure;frances tiafoe
Taylor Fritz;22,1;45,59;4;3,0;;USA;32;32;32;5;1958,6;1888,6;2070,2;0,6666666666666666;0,6923076923076923;1,0;0,5885842895824972;528,0;-0,15;0,0;280;taylor fritz;31;0;0,0;R32;ATP500;SF;False;-45,59;0,0;Failure;taylor fritz
Casper Ruud;15,8;43,33;5;6,0;;NOR;32;32;32;8;1939,5;1856,2;2071,9;0,5;0,5;0,6666666666666666;0,3056312365843721;126,0;0,15;0,0;238;casper ruud;31;0;0,0;R32;ATP500;SF;False;-43,33;0,0;Failure;casper ruud
Jiri Lehecka;11,4;36,32;6;;;CZE;32;32;32;10;1921,2;1869,9;1989,9;0,5833333333333334;0,6363636363636364;1,0;0,1806585107956562;531,0;0,15;0,0;223;jiri lehecka;31;4;100,0;F;ATP500;SF;True;63,68;2,753303964757709;Full success;jiri lehecka
Tommy Paul;13,3;36,04;7;7,0;;USA;32;32;32;4;1938,0;1872,0;2028,8;0,5833333333333334;0,7;1,0;0,1257501913491911;679,0;-0,15;0,0;238;tommy paul;31;0;0,0;R32;ATP500;SF;False;-36,04;0,0;Failure;tommy paul
Brandon Nakashima;10,9;33,9;8;5,0;;USA;32;32;32;9;1924,5;1881,9;1935,4;0,75;0,7777777777777778;1,0;0,2889809674540986;286,0;0,15;0,0;256;brandon nakashima;31;0;0,0;R32;ATP500;SF;False;-33,9;0,0;Failure;brandon nakashima
Denis Shapovalov;7,1;30,53;9;;;CAN;32;32;32;3;1772,7;1773,4;1983,2;0,6666666666666666;0,7142857142857143;1,0;1,5793818468298118;797,0;0,15;0,0;169;denis shapovalov;31;2;50,0;QF;ATP500;SF;False;19,47;1,6377333770062232;Acceptable;denis shapovalov
Lorenzo Musetti;17,4;27,17;10;;;ITA;32;32;32;6;1885,8;1821,3;2050,5;0,6363636363636364;0,6;1,0;-0,130554872972781;285,0;0,0;0,0;238;lorenzo musetti;31;0;0,0;;ATP500;SF;False;-27,17;0,0;Failure;lorenzo musetti
Valentin Vacherot;6,1;27,06;11;8,0;;MON;32;32;32;13;1835,9;1786,6;1929,6;0,4545454545454545;0,5;1,0;0,5227647237244337;533,0;0,0499999999999999;0,0;167;valentin vacherot;31;3;75,0;SF;ATP500;SF;True;47,94;2,771618625277162;Full success;valentin vacherot
Matteo Berrettini;6,2;24,69;12;;;ITA;32;32;32;11;1829,4;1786,0;2065,7;0,5454545454545454;0,4;1,0;-0,0875875989758365;383,0;0,0;0,0;147;matteo berrettini;31;1;25,0;R16;ATP500;SF;False;0,3099999999999987;1,012555690562981;Acceptable;matteo berrettini
Holger Rune;1,0;23,75;13;;;DEN;32;32;32;7;1756,9;1724,5;2082,0;1,0;1,0;1,0;0,192881046371278;232,0;0,15;0,0;199;holger rune;31;0;0,0;R32;ATP500;SF;False;-23,75;0,0;Failure;holger rune
Alexander Blockx;5,8;23,24;14;;;BEL;32;32;32;13;1869,1;1770,2;1907,2;0,6666666666666666;0,6666666666666666;1,0;0,2354641502319165;731,0;0,0;0,0;187;alexander blockx;31;0;0,0;R32;ATP500;SF;False;-23,24;0,0;Failure;alexander blockx
Tomas Martin Etcheverry;5,6;20,49;15;;;ARG;32;32;32;14;1763,0;1713,4;1871,7;0,4166666666666667;0,375;1,0;0,6128290652825286;725,0;-0,15;0,0;240;tomas martin etcheverry;31;0;0,0;R32;ATP500;SF;False;-20,49;0,0;Failure;tomas martin etcheverry
Luca Van Assche;1,0;20,47;16;;;FRA;32;32;32;15;1772,1;1725,1;1801,5;0,6666666666666666;0,6363636363636364;1,0;-0,1317559241839225;318,0;0,0;0,0;256;luca van assche;31;0;0,0;R32;ATP500;SF;False;-20,47;0,0;Failure;luca van assche
Matteo Arnaldi;3,5;19,26;17;;;ITA;32;32;32;2;1770,9;1693,2;1902,9;0,3333333333333333;0,25;1,0;-0,1948397480267884;205,0;0,0;0,0;216;matteo arnaldi;31;1;25,0;R16;ATP500;SF;False;5,739999999999998;1,2980269989615782;Acceptable;matteo arnaldi
Ugo Humbert;5,9;15,82;20;;;FRA;32;32;32;9;1826,2;1802,4;2017,7;0,5;0,0;1,0;-0,3;0,0;0,0;0,0;231;ugo humbert;31;1;25,0;R16;ATP500;SF;False;9,18;1,5802781289506953;Acceptable;ugo humbert
Arthur Fery;3,4;15,34;21;;;GBR;32;32;32;6;1828,3;1759,5;1847,1;0,6666666666666666;0,6666666666666666;1,0;-0,055413025839944;387,0;0,15;0,0;118;arthur fery;31;0;0,0;R32;ATP500;SF;False;-15,34;0,0;Failure;arthur fery
Alejandro Tabilo;5,5;13,01;22;;;CHI;32;32;32;4;1807,3;1757,7;1895,7;0,5;0,5;0,9090909090909092;0,7924619904704941;736,0;-0,15;0,0;258;alejandro tabilo;31;1;25,0;R16;ATP500;SF;False;11,99;1,9215987701767872;Acceptable;alejandro tabilo
Kyrian Jacquet;1,0;11,63;23;;SE;FRA;32;32;32;7;1677,6;1641,9;1735,1;0,5833333333333334;0,6363636363636364;1,0;1,3984117856338592;367,0;0,15;0,0;162;kyrian jacquet;31;2;50,0;QF;ATP500;SF;False;38,37;4,299226139294927;Acceptable;kyrian jacquet
Luciano Darderi;8,4;10,74;25;;;ITA;32;32;32;8;1820,7;1702,4;1858,1;0,5833333333333334;0,5833333333333334;1,0;0,1812579297462849;737,0;-0,15;0,0;272;luciano darderi;31;1;25,0;R16;ATP500;SF;False;14,26;2,3277467411545625;Acceptable;luciano darderi
Zizou Bergs;4,6;9,83;26;;;BEL;32;32;32;10;1792,0;1731,0;1859,2;0,4166666666666667;0,5;0,8;0,6478957458035357;903,0;0,0;0,0;248;zizou bergs;31;0;0,0;R32;ATP500;SF;False;-9,83;0,0;Failure;zizou bergs
Alex Michelsen;8,1;9,24;27;;;USA;32;32;32;1;1846,0;1827,1;1904,8;0,6666666666666666;0,6666666666666666;1,0;0,2948956470081985;809,0;0,0;0,0;253;alex michelsen;31;0;0,0;R32;ATP500;SF;False;-9,24;0,0;Failure;alex michelsen
Rei Sakamoto;1,0;8,61;28;;WC;JPN;32;32;32;2;1609,2;1587,9;1676,6;0,6666666666666666;0,6666666666666666;1,0;0,078446628431389;556,0;0,05;0,0;111;rei sakamoto;31;0;0,0;R32;ATP500;SF;False;-8,61;0,0;Failure;rei sakamoto
Kei Nishikori;1,0;7,48;30;;WC;JPN;32;32;32;16;1709,7;1671,1;2194,2;0,5;0,4285714285714285;1,0;-0,2579166666666667;101,0;0,05;0,0;92;kei nishikori;31;0;0,0;R32;ATP500;SF;False;-7,48;0,0;Failure;kei nishikori
Sho Shimabukuro;1,3;5,49;32;;WC;JPN;32;32;32;3;1626,8;1566,8;1692,5;0,3333333333333333;0,3636363636363636;1,0;0,2403067198462304;271,0;0,0999999999999999;0,0;219;sho shimabukuro;31;0;0,0;R32;ATP500;SF;False;-5,49;0,0;Failure;sho shimabukuro
